,batterName,Run_Value
554,"Martinez, J",75.12479174706759
80,Betts,65.72446868148177
907,Trout,62.28642998504304
980,Yelich,60.583785685140555
715,"Ramirez, J",53.113121532640456
107,Bregman,47.991924988234
387,Harper,45.635484620701575
911,Turner,45.55105922047819
332,Goldschmidt,43.334644320017084
39,Arenado,42.74249947952878
456,Judge,41.458268259950174
510,Lindor,40.95665022211899
290,Freeman,40.53851840651557
74,Benintendi,38.3326975281933
728,Rendon,37.27161694919677
142,Castellanos,36.47249037914321
93,Bogaerts,36.236329248876615
618,Muncy,36.032064314901795
138,"Carpenter, M",35.56642535238833
523,Lowrie,33.9303723501456
868,Suarez,33.82798639182035
414,"Hicks, A",32.34126403293997
859,Story,31.91493416891793
745,Rizzo,31.710873939575453
941,Votto,31.613826949134996
531,Machado,31.4853527764135
49,"Baez, J",31.326481424560363
426,Hoskins,29.717074652294773
845,Soto,29.30002809348351
208,"Davis, K",28.775032215010874
1,Acuna Jr.,27.717121755183385
555,"Martinez, Jo",27.005183075819904
88,Blackmon,26.722389320216376
650,Ohtani,26.496611472677678
671,"Peralta, D",26.190608227810912
694,Piscotty,24.356371690167336
834,Smoak,24.202792855947173
129,Cain,24.196496414705695
721,Realmuto,24.16184777542274
158,"Chapman, M",23.925297266385364
8,Aguilar,23.346519212399638
193,Cruz,23.184667236514123
635,Nimmo,23.09034885945503
967,Winker,22.81890687421207
103,Brantley,22.35585139935076
383,Haniger,21.689339987569763
167,Choo,21.654212314303514
718,"Ramos, W",21.509201622794887
23,Altuve,21.068958933353464
219,Descalso,21.013437682913743
956,White,20.979843235154277
664,Pearce,20.9168398894135
358,Gregorius,20.825886876588804
249,Encarnacion,20.62953651646541
939,Voit,20.07811093215829
708,Profar,19.37902331070154
849,Springer,19.266185988904965
616,Moustakas,18.84772090302525
699,"Polanco, G",18.55802059249152
3,Adams,18.523683223194563
321,Gennett,18.45164280624416
163,"Chirinos, R",18.44486766999631
619,Munoz,18.3632554757394
545,Markakis,18.139062961445514
987,Zobrist,18.0833405621944
71,Bellinger,17.940977463245915
33,Andujar,17.940808164093742
550,"Marte, S",17.860100730209734
153,Cervelli,16.783361872124072
116,Bryant,16.51738061496376
425,Holt,16.35875622378542
851,Stanton,16.05517119176026
823,Simmons,15.570650068976896
353,Granderson,14.462897356338933
255,"Escobar, E",14.4469172354063
70,Bell,14.294959425028924
135,Cano,14.064277872643059
793,"Santana, C",13.847472574290272
293,Freese,13.809508284245798
26,"Anderson, B",13.649610279492627
132,Camargo,13.5809690259475
352,Grandal,13.475126815121445
817,"Shaw, T",13.324674447947066
177,Conforto,13.046929938605759
302,Gallo,12.843960153473727
362,Grossman,12.21853870213209
557,Martini,12.204649675975345
370,Gurriel,12.188467640906783
500,LeMahieu,12.16238636541459
646,O'Hearn,11.681883952806228
900,Torres,11.667617600975449
126,Cabrera,11.4751601419502
578,McNeil,11.333263335515847
409,"Herrera, O",11.247232042664184
244,Eaton,11.244822651165007
151,Cave,11.178253705063742
889,"Taylor, C",10.999029091588339
560,Mauer,10.97971797468979
665,Pederson,10.897644931188209
198,Culberson,10.860928954186987
954,Wendle,10.838867648862902
729,Renfroe,10.822297754433624
687,Pham,10.494929697255918
985,Zimmerman,10.31837522892435
913,Upton,10.171577182154675
570,McCutchen,10.012527962182988
105,Braun,9.796051141798204
600,Molina,9.628287716628238
127,"Cabrera, A",9.538133281312318
809,Segura,9.523669559360435
318,Gattis,9.451811176827125
709,Puig,9.413260684864664
134,Canha,9.357826906138847
224,"Diaz, E",9.323606296690485
401,"Hernandez, C",9.035618285887205
549,"Marte, K",9.0215045192929
805,Schwarber,8.99257890448969
608,Moran,8.892193642982845
155,"Cespedes, Y",8.885811514715911
842,Soler,8.861961769066633
340,"Gonzalez, C",8.86188021609729
0,Abreu,8.821658782945462
213,DeJong,8.801196722269525
465,"Kemp, M",8.755537671454963
44,Austin,8.718496582132717
20,Alonso,8.642588554823174
345,Goodrum,8.437787505310833
480,Kipnis,8.262535949523354
11,Albies,8.194942744000306
220,Desmond,8.150183885766241
286,"Frazier, A",8.148756768046647
620,"Murphy, D",7.852352302053134
651,Olson,7.787785698965765
588,Merrifield,7.74374403575476
700,"Polanco, J",7.692648816191091
200,Dahl,7.178587058662281
317,Garver,7.105488019675899
858,"Stewart, D",7.065800072292477
385,"Happ, I",6.84631801726824
769,"Rosario, E",6.814513372533828
893,Tellez,6.577967262665138
361,Grichuk,6.436510783197433
648,Odor,6.407326183308466
192,Cron,6.2866861286214055
73,Beltre,6.230586311154093
564,Mazara,6.123964539255477
800,Schebler,6.0792308793098195
413,Heyward,6.028056345670802
166,Choi,5.9981108818043465
496,Laureano,5.9791240866172135
63,Bautista,5.9013512914555974
627,Narvaez,5.746479327215715
625,Myers,5.569191057542956
791,Sandoval,5.535167572840839
894,Thames,5.402657015829327
128,"Cabrera, Me",5.190627600630901
647,O'Neill,5.028006671309627
373,Guzman,4.95907738025014
855,Stevenson,4.873459446104508
847,Span,4.715721147428135
374,Gyorko,4.3957735948199925
701,Pollock,4.267122296995401
832,"Smith, K",4.225488754579586
522,"Lowe, B",4.178142124942861
747,"Robertson, D",4.037926971844871
661,Parra,3.9363319244060886
857,"Stewart, C",3.918165148788376
494,"Lamb, J",3.8412943454101818
202,Davidson,3.4859754448810643
466,"Kemp, T",3.4794121056191285
232,Donaldson,3.4383177567515477
384,Hanson,3.4349535252682433
406,"Hernandez, K",3.3969502134084912
239,"Duffy, M",3.351754440549185
659,Palka,3.3386426235844233
885,Tapia,3.3260044066191274
490,La Stella,3.3198902016837466
423,Holliday,3.317302177313538
607,Morales,3.2415429324414267
580,Meadows,3.2182953151992546
371,Gurriel Jr.,3.2027751554094763
42,Astudillo,3.165310977250923
57,Barreto,3.1387992381245646
72,Belt,3.115198926478043
731,"Reyes, F",2.9669125231548317
165,Chisenhall,2.9161326406996766
969,Wisdom,2.8869285895335093
807,"Seager, C",2.865875995407541
343,"Gonzalez, M",2.7421683199576434
372,Guyer,2.695617848345609
521,Lorenzen,2.6038339323159785
763,"Romine, Au",2.557996244615484
705,Posey,2.5519881498047905
704,Porcello,2.479790636778376
658,Ozuna,2.3339226829617354
602,Mondesi,2.2943104795330105
833,"Smith, M",2.2053059792191063
346,Goodwin,2.1927922233573764
962,"Williams, N",2.189239822683878
874,Suter,2.185739525422753
236,Duda,2.161219853385048
185,Correa,2.123904826588672
626,Naquin,2.022151885978393
714,"Ramirez, H",1.9929388145208509
305,Gamel,1.929037969840496
575,"McGuire, R",1.9154299353775355
492,Lagares,1.76543808708033
451,"Jones, R",1.7649715390913847
761,Romine,1.7295965867468968
750,Robles,1.7195402309953596
41,"Arroyo, C",1.6539989851697636
225,"Diaz, Y",1.629664271674915
264,"Fernandez, Jose Mig",1.5935860274214102
733,"Reyes, P",1.539912224207696
765,"Rondon, J",1.5374439147160612
248,Ellis,1.5030944105148012
37,"Arcia, F",1.4163912276317197
678,"Perez, M",1.4095736593729067
518,"Lopez, Jo",1.4010648212586316
925,"Vargas, I",1.3306218499529137
830,"Smith, D",1.2714748263896403
770,"Rosario, R",1.220357872927966
609,Moreland,1.1975260358049797
493,Lamb,1.193332705015251
645,O'Brien,1.166107837022938
503,"Lee, B",1.1135211412470816
427,Hosmer,1.0672820759454464
77,Berti,1.0396554695581217
938,Vogelbach,1.0366154662056726
82,Biddle,1.0291225358040585
802,Schimpf,1.0016128542790286
767,Rosario,0.9969561359730599
983,Zagunis,0.9389737671206123
99,Bourjos,0.9341312407009668
390,"Harvey, M",0.8910828954838653
929,"Velazquez, A",0.8716204006575217
460,Kang,0.8551281459704826
315,Garneau,0.8354124651063104
644,Nuno III,0.8330616048325024
211,"De La Rosa, J",0.8303298713842409
497,Lavarnway,0.8093885923224992
864,Straw,0.7630191731758158
258,Farmer,0.7488020791370678
61,Bauers,0.7465753504498103
16,Allard,0.7318628254200263
898,Toles,0.717943042433749
196,Cuevas,0.7174792055094823
184,"Cordero, F",0.6740594853065176
572,McGowin,0.6576229548568415
92,Blevins,0.65573565989672
325,Gibson,0.6392606925849146
380,Hampson,0.6216052549488269
877,"Suzuki, K",0.6148316780841157
191,"Crawford, J",0.6014822168858642
48,Bader,0.5079441394594122
508,Lin,0.5017442028383361
434,Hutchison,0.49589899792387565
36,Arcia,0.474784247370703
937,Vincej,0.4589997575473328
819,Shipley,0.4532358695298658
759,Romero,0.4189028196569484
839,Sobotka,0.40685242949541434
964,Williamson,0.39201428778948777
470,Kepler,0.33965163202151344
921,Valencia,0.3393943554320703
438,Inciarte,0.3370454893448721
309,"Garcia, Ar",0.32900060987235724
468,Kennedy,0.2790667181164476
313,"Garcia, L",0.27761281694489015
958,Wilkerson,0.2729212379308854
836,Snell,0.27025056678933274
498,Law,0.26272077385590953
827,Skole,0.24619207542625887
247,Elias,0.22555216130015415
430,"Hudson, J",0.22337501766549103
879,Sweeney,0.21032740952313733
376,Hader,0.20960152356150746
852,Stassi,0.2082799800001135
586,Mengden,0.1818337660046715
123,Butler,0.1815935175038902
324,German,0.1784899991871739
75,Bergman,0.16748049396546016
354,Graterol,0.14932900433008445
935,Villar,0.12938172557626942
145,"Castillo, J",0.12256090548388965
445,Jennings,0.12227690352356038
216,Dean,0.11648542604589224
320,Gaviglio,0.09306718873615055
237,Duensing,0.08373198852687785
113,Broxton,0.07712187539702098
148,"Castro, H",0.07279996327473476
598,Minor,0.023601994181210395
310,"Garcia, Av",0.009050453865091457
794,"Santana, D",-0.028038799224775812
231,Dominguez,-0.03233556697413553
154,Cespedes,-0.06400296257519972
83,Bieber,-0.06843769801371899
844,"Sosa, E",-0.08018494188747582
930,VerHagen,-0.09747320061255743
806,Scribner,-0.09747320061255743
581,Medlen,-0.09747320061255743
611,Moronta,-0.09747320061255743
786,"Sanchez, Aa",-0.09747320061255743
62,Baumann,-0.09747320061255743
108,Brice,-0.09747320061255743
764,Romo,-0.09747320061255743
159,Chargois,-0.09747320061255743
31,Andriese,-0.09747320061255743
481,Kittredge,-0.09747320061255743
164,"Chirinos, Y",-0.09747320061255743
402,"Hernandez, D",-0.09747320061255743
776,Rusin,-0.10710273230500994
711,Quinn,-0.11678473677381579
174,"Cole, A",-0.12440671854122493
606,"Moore, Ad",-0.13171108211528137
461,Keller,-0.1513170206326
628,Navarro,-0.16118306721423759
990,"d'Arnaud, T",-0.16688713426101867
781,"Salas, F",-0.1669383951674976
837,Snelten,-0.1669383951674976
804,"Schoop, J",-0.1669383951674976
397,Hembree,-0.1669383951674976
662,Parsons,-0.1669383951674976
241,Duke,-0.1669383951674976
246,Eickhoff,-0.1669383951674976
144,"Castillo, D",-0.1669383951674976
256,Estrada,-0.1669383951674976
301,Gallegos,-0.1669383951674976
96,Bostick,-0.16773481935191392
866,Stroman,-0.17534388426014816
853,Stephens,-0.1848727117062909
100,Bowman,-0.18599952938029707
458,Jurado,-0.18599952938029707
515,Locastro,-0.18909157964598583
563,Mayers,-0.19506799771541034
85,"Bird, G",-0.196923101867825
121,Burnes,-0.20077768983300887
420,Hoffman,-0.20077768983300887
966,"Wilson, J",-0.20077768983300887
431,"Hughes, P",-0.20077768983300887
186,Covey,-0.20077768983300887
552,"Martin, R",-0.2177765372441447
59,Bashlor,-0.21923105525396
462,Kelley,-0.21923105525396
590,Meyer,-0.21923105525396
952,Webb,-0.22836243030824044
820,Shreve,-0.22836243030824044
686,Petricka,-0.22836243030824044
278,Flynn,-0.22836243030824044
67,"Beckham, T",-0.22836243030824044
534,Magill,-0.22836243030824044
447,"Johnson, P",-0.22836243030824044
418,"Hill, T",-0.22836243030824044
292,"Freeman, S",-0.22836243030824044
815,Shackelford,-0.22836243030824044
479,Kintzler,-0.22836243030824044
433,Hunter,-0.22836243030824044
912,Underwood Jr.,-0.22836243030824044
81,"Betts, M",-0.22836243030824044
573,McGrath,-0.22836243030824044
933,Vielma,-0.24941494937579262
298,Gale,-0.264411595780055
459,Kaczmarski,-0.2681349478088272
975,Wright,-0.2704013867865831
363,Gsellman,-0.2716915834346888
110,Brigham,-0.2718312566662042
574,"McGuire, D",-0.28361666035315936
4,"Adams, L",-0.2958521806098593
178,Conlon,-0.2970074542772237
106,Brebbia,-0.2982508904455663
210,"Davis, T",-0.30163954300313023
454,"Joseph, Co",-0.3098675008281828
266,Fillmyer,-0.31030598493946604
854,"Stephenson, R",-0.3167042558665174
683,"Peterson, Du",-0.3167042558665174
139,Carrasco,-0.3201469816084171
274,"Flores, W",-0.3217964695719545
968,Winkler,-0.3222631874097671
419,Hirano,-0.322395871242896
741,Riddle,-0.3238393469672921
238,"Duffy, D",-0.32583563092079787
856,Stewart,-0.32583563092079787
579,McRae,-0.32583563092079787
585,"Mendez, Y",-0.32583563092079787
986,Zimmermann,-0.32583563092079787
569,McCullers Jr.,-0.32583563092079787
742,"Rios, Y",-0.3263546798029557
507,Liberatore,-0.34218157518133596
161,Chavez,-0.34218157518133596
47,Avilan,-0.34218157518133596
737,Rhame,-0.34218157518133596
351,Grace,-0.3466193142410644
34,"Aquino, A",-0.36091854419410746
972,Wong,-0.3651551899626183
300,Gallardo,-0.36771608500050645
221,Despaigne,-0.3710161714468929
684,"Peterson, T",-0.38616945042145756
337,"Gomez, R",-0.38616945042145756
440,"Jackson, E",-0.38616945042145756
940,Voth,-0.38616945042145756
698,Plutko,-0.38677721921330593
412,Hess,-0.39006501773212726
752,"Rodriguez, E",-0.395300825475738
68,Beede,-0.395300825475738
262,"Feliz, M",-0.395300825475738
120,Bundy,-0.3969916473998835
280,Font,-0.40155537966601773
936,Viloria,-0.40216854097279375
824,Sims,-0.40537451499456195
499,LeBlanc,-0.41288560596805823
872,Suero,-0.4233088315333553
511,Liriano,-0.4291401201412493
141,Cashner,-0.4313499909475526
382,Hand,-0.43918799646954987
976,Wright Jr.,-0.43918799646954987
928,Velazquez,-0.43918799646954987
953,Weber,-0.43918799646954987
716,"Ramirez, N",-0.43918799646954987
156,Cessa,-0.43918799646954987
182,Corcino,-0.44348449549259583
782,Sale,-0.44759348556220047
974,Woodruff,-0.4544286024173245
344,"Gonzalez, Me",-0.4667972338993155
446,"Johnson, B",-0.4690084209416081
297,"Gagnon, D",-0.4824215744982107
613,Morrow,-0.49581970192657215
730,"Reyes, Al",-0.49581970192657215
663,Peacock,-0.49581970192657215
614,Morton,-0.502403557780748
169,Cishek,-0.5194530394363921
114,"Broxton, K",-0.520591202792974
724,"Reed, M",-0.5223821381916096
595,"Miller, S",-0.5337157919583393
101,Boyd,-0.536263744690245
638,"Norris, Da",-0.5366611970821074
69,Beeks,-0.5507583015511364
910,Turnbull,-0.5507583015511364
538,Makita,-0.5531078455889552
429,"Hudson, D",-0.5541980612290383
285,Franklin,-0.5705440054895764
357,"Gray, S",-0.5705440054895764
263,Ferguson,-0.5739012824403148
596,Mills,-0.5968030737934373
530,Lynn,-0.5982883861150502
623,Musgrave,-0.6054005056754176
775,"Ruiz, R",-0.6123842264538378
102,Bradley Jr.,-0.614717115668187
306,"Gamel, B",-0.6170189758104848
673,"Peralta, Wa",-0.6205140778553334
540,Manaea,-0.6359468161091058
713,"Ramirez, E",-0.6384308967177107
526,"Lugo, D",-0.6427150116328852
328,Glasnow,-0.6521903107237536
799,Saupold,-0.6565517562950609
754,"Rodriguez, Ri",-0.6675504267777903
584,Mella,-0.6675504267777903
717,"Ramirez, Y",-0.6675504267777903
316,Garrett,-0.6685362549842917
878,Swanson,-0.6710293042229207
65,"Beck, C",-0.6765302058035136
15,Alford,-0.6773835606072776
516,Lockett,-0.6932208182849439
971,Wolters,-0.6981628970077303
630,Neris,-0.7015451538537499
582,Mejia,-0.7015451538537499
906,Trevino,-0.7230065150997034
441,"Jackson, L",-0.74236830309657
681,Peters,-0.7459337629851865
78,Betances,-0.7484976521781532
355,Graves,-0.7513858098746004
172,Cloyd,-0.7522605611097858
916,Urias,-0.7539589727678139
593,Miller,-0.755494799944205
603,Montas,-0.7571856218683505
904,Trahan,-0.7620037308097993
457,Junis,-0.7666049364611323
504,Leiter Jr.,-0.7710205736187862
888,Taylor,-0.7799040372472528
14,Alfaro,-0.7862708318873101
168,Cimber,-0.7915439654160196
945,Walding,-0.7978402514056046
240,Duggar,-0.7998140702846079
56,Baron,-0.8102041679164428
512,Lively,-0.8107023245546149
838,"Snyder, B",-0.8117702063246885
359,Greiner,-0.8188972938462242
261,Federowicz,-0.829129983294553
25,Anderson,-0.8365805755818096
251,Eovaldi,-0.8439468387924621
6,Adduci,-0.8803449127407809
368,"Guerrero, G",-0.8821536725108425
812,Severino,-0.8827577269234292
513,Loaisiga,-0.8849141866033013
932,Verlander,-0.8875710011814482
675,Perdomo,-0.8980571150466388
640,Nottingham,-0.9149565984743224
501,Leake,-0.9191989562772833
205,"Davis, A",-0.9284258675881292
381,Hancock,-0.9299075841619904
960,Williams,-0.9339847991313789
472,Keuchel,-0.939304197419168
826,Skoglund,-0.9434131874887726
173,Cobb,-0.9525725540389005
779,Sadler,-0.9726401559157192
760,"Romero, F",-0.9758491935516571
330,Gohara,-0.9768600824863937
327,Giolito,-0.9935892115907883
610,Moroff,-0.9963563914443249
379,Hammel,-0.9978910621430694
978,Yarbrough,-1.0097320019591263
349,Gore,-1.0119727916306662
482,Kivlehan,-1.0172116186638647
597,Milone,-1.0252982358071683
393,Heaney,-1.0277520717641353
726,Reid-Foley,-1.049513912773025
386,"Happ, J",-1.051407057685799
60,Bauer,-1.0572323323618682
269,Flaherty,-1.0583559726640364
795,"Santana, Do",-1.058377909980155
814,Sewald,-1.0714076498639202
13,Alexander,-1.0873545520849823
979,Yates,-1.0881730498599476
875,Suzuki,-1.1179672892822055
277,Flowers,-1.1204715688998381
783,Saltalamacchia,-1.1300178221072557
668,"Pena, Fe",-1.144964336812049
703,Ponce de Leon,-1.156623835736128
901,"Torres, Ra",-1.1670860700514427
818,Shields,-1.1677659785979255
367,Guerrero,-1.1838429762784553
923,Valera,-1.1955703867912555
428,Hudson,-1.1963736183379003
774,Rucinski,-1.1990218417843148
338,Gonzales,-1.2006089141346796
702,Pompey,-1.2054956531107215
477,Kingham,-1.2127289120692106
735,Reynolds,-1.2135414681931145
212,De Los Santos,-1.2221878132486446
333,Gomber,-1.2253601833516952
87,Blackburn,-1.2676604461313152
736,"Reynolds, Matt",-1.295421937238783
21,"Alonso, Y",-1.307209056584101
948,"Walker, T",-1.316907430379501
870,"Suarez, R",-1.323060663909943
137,Carle,-1.3240465711416844
50,"Baez, P",-1.3259694785013
170,Ciuffo,-1.327119738820293
227,"Dickerson, C",-1.3521222582196046
649,Odorizzi,-1.3576469609778818
674,Peraza,-1.3736380442238232
124,"Butler, D",-1.3861132366327031
629,Negron,-1.3891058235794966
45,Avelino,-1.4003691505471947
176,Colon,-1.4236591047171838
452,Joseph,-1.431999053899423
171,Clevinger,-1.4335849431028747
577,McMahon,-1.447983051927268
7,Adrianza,-1.4660097060716388
514,Lobaton,-1.466131029832457
259,Farrell,-1.4662865119348505
364,Guerra,-1.4808747743452866
272,Fletcher,-1.4831636454747168
375,Haase,-1.4970479320136056
276,Floro,-1.4995180378085133
710,Pujols,-1.5191070457796063
267,Finnegan,-1.5205171110985634
519,"Lopez, P",-1.5249323863285207
467,Kendrick,-1.5265014628479272
643,"Nunez, R",-1.528020641622213
336,"Gomez, M",-1.543299399413587
576,McKinney,-1.5600095827914595
486,Kozma,-1.5619164252082625
766,Rosales,-1.5627846448103813
970,Wisler,-1.5644540330168601
918,Utley,-1.5735896123438105
288,"Frazier, T",-1.5754222715425112
850,Stallings,-1.5788899705822175
322,Gentry,-1.5850573964646666
639,Norwood,-1.5953682154558613
365,"Guerra, J",-1.59689863182543
798,Sardinas,-1.642162838025681
509,"Lin, T",-1.652821550108441
94,Bonifacio,-1.6649643988876077
571,McFarland,-1.6870932060303407
437,"Iglesias, R",-1.7098759831543582
666,Pedroia,-1.7443116696689658
350,Gosselin,-1.74574829802744
743,"Rivera, R",-1.7788138899537107
76,Berrios,-1.782307355491445
816,"Shaw, C",-1.803692482912413
295,Fried,-1.832213925014436
97,Bote,-1.8386747742390848
424,"Holmes, C",-1.8443547457578222
175,"Cole, G",-1.8624350608477558
308,"Garcia, A",-1.8631163998725218
527,"Lugo, S",-1.8680274337132659
551,"Martin, L",-1.8709237168561323
886,"Tapia, R",-1.874078582984435
697,Plouffe,-1.8794118280038439
95,"Bonifacio, J",-1.91910278097032
867,Strop,-1.9678107505090092
463,Kelly,-1.9780307588550907
314,Gardner,-1.981433992281854
24,"Alvarez, P",-1.986483905288805
685,"Petit, G",-2.0064439380177
843,"Soroka, M",-2.0134395520936934
780,Saladino,-2.021297424625565
140,Casali,-2.026957290875114
615,Motter,-2.0271168138108457
502,Lee,-2.0449944267616966
944,Wainwright,-2.056986557448661
861,Straily,-2.100576371227521
908,Trumbo,-2.104141648435694
903,Toussaint,-2.1073597302776568
436,"Iglesias, J",-2.1078706162974585
312,"Garcia, J",-2.138457765103065
946,Walker,-2.1423360860853586
281,Fontana,-2.155894518315605
275,Florimon,-2.240247949251826
64,"Bautista, R",-2.25089222951088
601,Moncada,-2.25457602407125
892,Telis,-2.2618810609517253
489,Kuhl,-2.300717840062716
483,Kluber,-2.3064042499570956
884,Tanaka,-2.3201503405959163
789,"Sanchez, G",-2.3376027186861816
784,Samardzija,-2.34775407898749
604,"Montero, M",-2.3769715104027935
553,"Martinez, C",-2.4204067556514297
233,"Dozier, B",-2.428848125485161
787,"Sanchez, Ad",-2.462692079015692
448,"Johnson, S",-2.468909021658026
753,"Rodriguez, J",-2.4839690790992606
303,Galloway,-2.5043782551025218
771,"Ross, J",-2.51216000926448
469,"Kennedy, B",-2.5428280418959104
235,Drury,-2.5474946393867035
404,"Hernandez, F",-2.547806380008191
299,Gallagher,-2.5556357899825355
567,"McCann, J",-2.5612111210003743
131,"Calhoun, W",-2.579995481176204
891,Teheran,-2.7063072296718094
949,Wallach,-2.7128364470798005
257,Evans,-2.733331320768824
195,Cueto,-2.7609312917792144
473,Kieboom,-2.761205419151092
180,Cooper,-2.764836965407398
696,Plawecki,-2.764850446879491
957,Wieters,-2.776205208427517
296,"Fulmer, M",-2.7878327589154805
860,Strahm,-2.7969326600599893
455,Joyce,-2.8255367477462414
112,Brito,-2.842835933633794
58,Barria,-2.8562989205225935
304,Galvis,-2.860709965650114
10,Alberto,-2.8674454682571295
740,Rickard,-2.87228896754388
147,"Castro, D",-2.872855562645729
326,Gimenez,-2.9064886170638045
443,Jansen,-2.939709598840594
12,Alcantara,-2.943627113694478
319,Gausman,-2.9699656758089064
797,Santiago,-2.9996415384737416
992,den Dekker,-3.0155922892377927
54,"Barnes, B",-3.017569844622875
291,"Freeman, F",-3.0397198868175783
253,Ervin,-3.044246233375094
287,"Frazier, C",-3.057049228269762
228,Dietrich,-3.0656135052528297
723,Reed,-3.107090965398192
778,Ryu,-3.1855437649981955
706,Powell,-3.2374895238596646
633,Ngoepe,-3.2452344581323245
268,Fisher,-3.298677766874427
656,Oswalt,-3.3088129580069667
746,Roark,-3.3580578889553796
485,Koch,-3.367437695740343
788,"Sanchez, An",-3.3697156375938087
399,Heredia,-3.3831684241248965
9,Ahmed,-3.3837973174692686
203,Davies,-3.39956299860424
150,"Castro, S",-3.439557672319002
811,Senzatela,-3.442343329575839
339,"Gonzalez, A",-3.443170944876589
35,Archer,-3.464188378377271
529,Lyles,-3.467929108305856
599,Mitchell,-3.468094583588231
915,"Urena, R",-3.5003616568013873
341,"Gonzalez, E",-3.5200795644218097
622,"Murphy, To",-3.5203709041698175
688,Phegley,-3.5312842717282673
369,Guillorme,-3.5595378684871264
959,"Wilkerson, S",-3.575767077564769
411,Herrmann,-3.5768757056769527
652,Orf,-3.590872726896143
682,Peterson,-3.5970693110233927
876,"Suzuki, I",-3.6288888463284352
201,Darvish,-3.6458589402235715
692,Pinder,-3.691774087949443
902,Torreyes,-3.6958337042695137
432,Hundley,-3.7490545109345246
115,Bruce,-3.75830835648643
977,Wynns,-3.7882988863103506
471,Kershaw,-3.845808910983366
403,"Hernandez, E",-3.848165433206754
749,"Robinson, D",-3.864216085400621
30,Andreoli,-3.8776625983186475
942,Wacha,-3.8796495437534864
535,Mahle,-3.8983018056564758
122,Butera,-3.902861271260079
801,Scherzer,-3.9582714336986506
400,Hermosillo,-3.983511601163332
217,"Dean, A",-4.012156141199587
544,Marjama,-4.060830562086802
226,Dickerson,-4.071181449758093
636,Nix,-4.071842718061898
546,Marquez,-4.0913385998583065
98,Bour,-4.182149679124675
719,"Rasmus, Col",-4.204968691047453
772,"Ross, T",-4.206358675783928
592,Miley,-4.210655600053211
707,Prado,-4.222031481754514
189,Cozens,-4.229771221453204
917,Urshela,-4.260449524224826
848,Spangenberg,-4.263407099427147
548,"Marte, J",-4.274689980757558
543,Marisnick,-4.277938813047955
104,Brault,-4.297173607085006
796,Santander,-4.304643812125431
589,Mesoraco,-4.314238644895913
260,Fedde,-4.3337500727626725
252,Erlin,-4.38758660690725
464,"Kelly, C",-4.3877630161219106
360,Greinke,-4.411540612896219
223,"Diaz, A",-4.461357302555287
416,Higashioka,-4.470154267711859
119,Bumgarner,-4.47390392311518
583,"Mejia, F",-4.507230843347443
366,"Guerra, Ju",-4.5840188933979595
204,Davis,-4.604373750782126
934,Villanueva,-4.619623688571963
727,Reinheimer,-4.666094227078979
214,DeSclafani,-4.67843452170733
989,d'Arnaud,-4.73887070278358
873,Susac,-4.750782488040291
896,Tilson,-4.758498350700827
377,Hamels,-4.766589208566975
829,"Smith, Ca",-4.827847983717825
91,Blash,-4.846429124076522
828,Slater,-4.880357820428063
594,"Miller, B",-4.881760542353104
160,Chatwood,-4.89648061667528
670,Pennington,-4.953403795607537
347,"Gordon, A",-4.966644931922451
222,Devers,-5.0366932374883495
947,"Walker, C",-5.052287519638909
136,Caratini,-5.083566849932072
117,Buchholz,-5.086456526508671
568,McCarthy,-5.09390485132003
865,Stripling,-5.095578581278896
831,"Smith, Do",-5.117780549475534
624,Musgrove,-5.131365014826187
408,"Herrera, D",-5.134174146500635
931,Verdugo,-5.158166211821064
487,Kramer,-5.197812559312071
672,"Peralta, F",-5.20587393198265
520,"Lopez, R",-5.331030678071146
435,Iannetta,-5.336277116086459
52,Bandy,-5.339350904290753
924,Vargas,-5.371085078867641
179,Contreras,-5.406198769089831
307,Gant,-5.4094495723134255
561,Maxwell,-5.4565116425509235
984,Zimmer,-5.684702214458911
810,Semien,-5.768175253994729
323,Gerber,-5.768486668867537
562,Maybin,-5.826413570710309
284,Franco,-5.860496751325227
899,Tomlinson,-5.942718312532688
444,Jay,-5.980973600675988
846,Souza Jr.,-6.00941227247161
943,Wade,-6.02081313164054
415,"Hicks, J",-6.050810861104341
183,Cordell,-6.070482370835951
777,Russell,-6.108488658804362
495,Lauer,-6.115513179733947
617,Mullins,-6.129690869828981
79,Bettis,-6.148994588638983
887,Tauchman,-6.1510698199074145
922,"Valentin, J",-6.176643883046938
532,"Machado, D",-6.1921833762298855
669,Pence,-6.193870257710734
542,Margot,-6.305999673564735
725,Refsnyder,-6.3209202398973625
537,Maile,-6.324968428546257
218,Delmonico,-6.391862611357726
792,Sano,-6.395300727369891
722,Reddick,-6.397757352020829
143,Castillo,-6.437351690217008
739,Richards,-6.4596897402352385
950,"Ward, T",-6.5817478447446955
559,Matz,-6.611508055973933
194,"Cruz, T",-6.635562630843386
927,Velasquez,-6.6395643464102125
162,Chen,-6.650136253197762
882,Szczur,-6.650901602481329
152,Centeno,-6.665474261561156
655,Osuna,-6.666702181181499
689,Phillips,-6.713108773013372
991,deGrom,-6.781250825207458
825,Sisco,-6.813463347487398
491,LaMarre,-6.84134990534456
756,"Rodriguez, S",-6.8805941800109585
863,Stratton,-6.894388054916492
654,Ortega,-6.974552000812072
391,Headley,-6.989770328772525
982,"Young, C",-7.091291297503725
748,Robinson,-7.104842128004135
755,"Rodriguez, Ro",-7.1520214662418375
738,Richard,-7.152978681763171
149,"Castro, J",-7.18542704340107
566,"McCann, B",-7.247735904552786
591,Mikolas,-7.290426257376424
751,"Rodriguez, D",-7.3130335454743856
197,"Cuevas, N",-7.321033112368802
835,Smolinski,-7.36314091004699
86,Blach,-7.36600325965731
294,Freitas,-7.408437168261073
634,Nido,-7.44603917294585
51,Bailey,-7.456911622812724
517,Longoria,-7.508322312979904
677,"Perez, H",-7.508829286467841
40,Arrieta,-7.544443804102792
897,Tocci,-7.55350395538977
84,Bird,-7.574574109279765
396,Hellickson,-7.650625033936913
187,Cowart,-7.701203294800881
394,Hechavarria,-7.702161508123339
758,Romano,-7.766674738951874
270,"Flaherty, J",-7.783696834390034
118,Buehler,-7.8220583012649705
334,Gomes,-7.839766289083192
474,Kiermaier,-7.849037821438584
909,Tucker,-7.906415087428718
273,Flores,-7.917571647719098
109,Briceno,-7.934835264490276
90,Blandino,-7.988727960740393
955,Wheeler,-7.989699112371277
43,Asuaje,-8.070189268405283
547,"Marrero, D",-8.127758856921742
862,Strasburg,-8.151003084883225
181,Corbin,-8.177112779635097
46,Avila,-8.191702445173746
965,"Wilson, B",-8.198973947284639
587,Mercer,-8.290824228363256
407,"Hernandez, T",-8.309371766530726
605,Montgomery,-8.343356937454333
524,Lucchesi,-8.386237795368885
215,DeShields,-8.455283409352603
22,Altherr,-8.462768682432056
28,"Anderson, T",-8.488848255074787
157,Chacin,-8.509209045989172
881,Syndergaard,-8.532621526132637
961,"Williams, M",-8.554847498834015
32,Andrus,-8.601693762808269
536,Mahtook,-8.662830679062353
392,Healy,-8.713584302604039
632,Newman,-8.767144392842948
242,Duvall,-8.780282269895874
695,Pivetta,-8.830775785204075
388,Harrison,-8.95534689551151
773,Rua,-9.015873227494591
533,Maeda,-9.040958608633819
951,Weaver,-9.041317439864338
790,"Sanchez, Y",-9.08073615487768
785,"Sanchez, A",-9.113442736589985
963,"Williams, T",-9.22980703180521
27,"Anderson, Ch",-9.243070817874248
230,Dixon,-9.43462400117237
417,"Hill, R",-9.466473465509495
125,Buxton,-9.47175294002387
146,"Castillo, L",-9.482879524957168
5,"Adams, M",-9.591629706075128
130,"Calhoun, K",-9.628281534274484
528,Luplow,-9.695975782684844
653,Orlando,-9.696771893631528
720,Ray,-9.760299908676728
265,Field,-9.813383657640353
449,"Jones, A",-9.87190360742871
803,Schoop,-9.888887403280178
356,"Gray, J",-9.914879161931701
488,Kratz,-10.036316272395768
973,"Wood, A",-10.168054908806923
631,Newcomb,-10.172322935627713
905,Travis,-10.2071082583449
245,Eflin,-10.209749931370272
188,Cozart,-10.320680558224264
2,Adames,-10.321164164190353
395,Hedges,-10.360748695334033
914,Urena,-10.380155565466751
981,Young Jr.,-10.413017586467756
442,Jankowski,-10.482925587669568
676,"Perez, C",-10.522336836328094
190,Crawford,-10.565368949313266
539,Maldonado,-10.643249132322484
880,Swihart,-10.724626051728926
329,Godley,-10.734120252248992
690,Pillar,-10.817188092445974
342,"Gonzalez, G",-10.87845340258907
667,"Pena, F",-11.065228481273161
311,"Garcia, G",-11.277137629170225
389,Harvey,-11.426634440624431
637,Nola,-11.49283392764217
869,"Suarez, A",-11.502484568002865
657,Owings,-11.587632535617985
207,"Davis, J",-11.653454990756583
506,Lester,-11.732009902108858
612,Morrison,-11.829219722468268
279,Foltynewicz,-11.922270989213326
331,Goins,-12.089497725753604
840,Sogard,-12.153771186565885
89,"Blanco, G",-12.270272028308444
55,Barnhart,-12.2934229661935
883,Taillon,-12.409402003094462
271,"Flaherty, R",-12.457556683358876
484,Knapp,-12.482931252331346
66,Beckham,-12.617920350699166
410,"Herrera, R",-12.671574281762402
679,"Perez, R",-12.674087789553539
691,Pina,-12.726351033533494
18,Almonte,-12.73506174569885
421,Holaday,-12.754320361130384
712,Quintana,-12.794302207471334
422,"Holland, D",-12.977045064024987
821,Shuck,-13.025294115922323
243,"Dyson, J",-13.13786218423157
808,"Seager, K",-13.176651400564028
475,Kiner-Falefa,-13.181887655204076
621,"Murphy, JR",-13.196617194012312
199,Cuthbert,-13.277684164754897
19,Almora Jr.,-13.38363612501391
289,Freeland,-13.527134895299488
398,Hendricks,-13.548652760929205
660,Panik,-13.634082161541391
558,Mathis,-13.639769533393277
439,"Jackson, A",-13.831049826137644
762,"Romine, An",-13.978992229037145
541,Mancini,-14.029287103747311
734,"Reyes, V",-14.116825705869179
53,"Barnes, A",-14.344082926222377
282,Forsythe,-14.47766951356734
478,Kinsler,-14.541308899930595
895,Thompson,-14.932719024200722
229,Difo,-15.021047784423878
133,Candelario,-15.045066345426394
919,Valaika,-15.192930484811766
732,"Reyes, J",-15.294350784629984
641,Nova,-15.29646720635327
209,"Davis, R",-15.726492835135202
680,"Perez, S",-15.792983949797518
642,"Nunez, E",-15.944039470293037
29,"Anderson, Ti",-15.982256506946525
453,"Joseph, Ca",-16.037761534109272
757,Rojas,-16.03981253329003
405,"Hernandez, G",-16.042454362983833
744,"Rivera, Y",-16.12639653487166
17,"Allen, G",-16.326258725437608
525,Lucroy,-16.44767313490694
693,Pirela,-16.482104195989823
234,"Dozier, H",-16.533005694573752
871,Sucre,-16.69643452553183
920,Valbuena,-16.891185278841427
813,"Severino, P",-17.288516754673154
283,Fowler,-18.2636102890619
988,Zunino,-18.718541843152106
556,"Martinez, V",-18.85150120751317
335,Gomez,-19.843348947215077
768,"Rosario, A",-20.324624971209943
254,"Escobar, A",-20.420280191483695
926,Vazquez,-20.94249735150295
841,Solarte,-21.076070538732573
111,Brinson,-21.320073229977254
890,"Taylor, M",-21.728288939945884
38,"Arcia, O",-21.739332384818486
476,Kingery,-22.048008657223225
378,Hamilton,-22.091662007503892
822,Sierra,-22.265213312514565
206,"Davis, C",-22.488662689385574
348,"Gordon, D",-24.44002218038354
565,McCann,-24.483902035520853
505,Leon,-24.600316849589124
250,Engel,-25.44847118982337
450,"Jones, J",-27.244452423350648
