shoot_player,conse_shot_hit,average_lag_hit,conditional_prob,average_hit,diff_prob,shot_count
A.J. Hammons,0.1481481481481481,0.4074074074074074,0.3636363636363636,0.4047619047619047,-0.041125541125541,42
Aaron Brooks,0.1848739495798319,0.4369747899159664,0.4230769230769231,0.4033333333333333,0.0197435897435897,300
Aaron Gordon,0.2040816326530612,0.4604591836734694,0.4432132963988919,0.4548611111111111,-0.0116478147122191,864
Adreian Payne,0.1538461538461538,0.4358974358974359,0.3529411764705882,0.4259259259259259,-0.0729847494553376,54
Al Horford,0.2073669849931787,0.4693042291950887,0.441860465116279,0.4731585518102372,-0.0312980866939581,801
Al Jefferson,0.2266009852216748,0.5172413793103449,0.4380952380952381,0.4989384288747346,-0.0608431907794965,471
Al-Farouq Aminu,0.1703703703703703,0.4024691358024691,0.4233128834355828,0.3927038626609442,0.0306090207746386,466
Alan Anderson,0.1346153846153846,0.4230769230769231,0.3181818181818182,0.375,-0.0568181818181818,80
Alan Williams,0.2666666666666666,0.5244444444444445,0.5084745762711864,0.5168539325842697,-0.0083793563130832,267
Alec Burks,0.1594202898550724,0.391304347826087,0.4074074074074073,0.3991935483870967,0.0082138590203106,248
Alex Abrines,0.1775362318840579,0.4021739130434782,0.4414414414414415,0.3929618768328445,0.0484795646085969,341
Alex Len,0.2467532467532467,0.509090909090909,0.4846938775510204,0.4978354978354978,-0.0131416202844773,462
Alex Poythress,0.2291666666666666,0.4583333333333333,0.5,0.4629629629629629,0.037037037037037,54
Alexis Ajinca,0.2482269503546099,0.5390070921985816,0.4605263157894737,0.5,-0.0394736842105263,178
Allen Crabbe,0.2323943661971831,0.4841549295774648,0.48,0.4683153013910355,0.0116846986089644,647
Alonzo Gee,0.0,0.2857142857142857,0.0,0.2142857142857142,-0.2142857142857142,14
Amir Johnson,0.3517241379310344,0.5896551724137931,0.5964912280701754,0.5772357723577236,0.0192554557124517,369
Anderson Varejao,0.0,0.25,0.0,0.3571428571428571,-0.3571428571428571,14
Andre Drummond,0.2886473429951691,0.5217391304347826,0.5532407407407408,0.5302530253025303,0.0229877154382105,909
Andre Iguodala,0.2920353982300885,0.5398230088495575,0.5409836065573771,0.5277108433734939,0.0132727631838831,415
Andre Roberson,0.2213541666666666,0.4765625,0.4644808743169398,0.4643628509719222,0.0001180233450176,463
Andrew Bogut,0.2241379310344827,0.4310344827586206,0.52,0.4691358024691358,0.0508641975308642,81
Andrew Harrison,0.0824742268041237,0.3264604810996563,0.2526315789473684,0.325,-0.0723684210526315,360
Andrew Nicholson,0.1038961038961039,0.4025974025974026,0.2580645161290322,0.3873873873873873,-0.129322871258355,111
Andrew Wiggins,0.1991924629878869,0.4528936742934051,0.4398216939078752,0.4521683673469387,-0.0123466734390634,1568
Anthony Bennett,0.1805555555555555,0.4027777777777778,0.4482758620689654,0.4130434782608695,0.0352323838080959,92
Anthony Brown,0.1282051282051282,0.358974358974359,0.3571428571428571,0.36,-0.0028571428571428,50
Anthony Davis,0.2406896551724137,0.503448275862069,0.4780821917808219,0.5049180327868853,-0.0268358410060634,1525
Anthony Morrow,0.1470588235294117,0.4166666666666667,0.3529411764705882,0.3904382470119522,-0.0374970705413639,251
Anthony Tolliver,0.2076124567474048,0.4671280276816609,0.4444444444444444,0.4415954415954416,0.0028490028490028,351
Archie Goodwin,0.3076923076923077,0.5576923076923077,0.5517241379310345,0.5454545454545454,0.006269592476489,66
Aron Baynes,0.2714285714285714,0.5333333333333333,0.5089285714285714,0.5125448028673835,-0.003616231438812,279
Arron Afflalo,0.1972222222222222,0.45,0.4382716049382715,0.4404761904761904,-0.0022045855379188,420
Austin Rivers,0.2070015220700152,0.45662100456621,0.4533333333333333,0.4418604651162791,0.0114728682170542,731
Avery Bradley,0.2097222222222222,0.4694444444444444,0.4467455621301775,0.4632258064516129,-0.0164802443214353,775
Axel Toupane,0.5,0.6666666666666666,0.75,0.5555555555555556,0.1944444444444444,9
Ben McLemore,0.1955922865013774,0.4517906336088154,0.4329268292682927,0.4295942720763723,0.0033325571919203,419
Beno Udrih,0.2576687116564417,0.4846625766871165,0.5316455696202532,0.467005076142132,0.0646404934781212,197
Bismack Biyombo,0.2813688212927757,0.532319391634981,0.5285714285714286,0.5249266862170088,0.0036447423544198,341
Blake Griffin,0.2439560439560439,0.510989010989011,0.4774193548387097,0.4933058702368692,-0.0158865153981595,971
Boban Marjanovic,0.29,0.55,0.5272727272727272,0.5454545454545454,-0.0181818181818181,132
Bobby Brown,0.175,0.45,0.3888888888888888,0.3833333333333333,0.0055555555555555,60
Bobby Portis,0.2547770700636942,0.4904458598726114,0.5194805194805194,0.488,0.0314805194805194,375
Bojan Bogdanovic,0.1832460732984293,0.4476439790575916,0.4093567251461988,0.4449704142011834,-0.0356136890549845,845
Boris Diaw,0.2490272373540856,0.4708171206225681,0.5289256198347108,0.4464831804281345,0.0824424394065762,327
Bradley Beal,0.2331189710610932,0.4887459807073955,0.4769736842105263,0.4822104466313399,-0.0052367624208135,1321
Brandan Wright,0.4074074074074074,0.6388888888888888,0.6376811594202899,0.6148148148148148,0.022866344605475,135
Brandon Bass,0.3823529411764705,0.5882352941176471,0.6499999999999999,0.5752688172043011,0.0747311827956987,186
Brandon Ingram,0.1644736842105263,0.4128289473684211,0.398406374501992,0.4017467248908297,-0.0033403503888376,687
Brandon Jennings,0.145374449339207,0.3876651982378855,0.3749999999999999,0.3595505617977528,0.0154494382022471,534
Brandon Knight,0.1638297872340425,0.4170212765957446,0.3928571428571428,0.3988549618320611,-0.0059978189749182,524
Brandon Rush,0.1958041958041958,0.4055944055944055,0.4827586206896552,0.3723404255319149,0.1104181951577403,188
Brian Roberts,0.1176470588235294,0.4352941176470588,0.2702702702702703,0.3770491803278688,-0.1067789100575985,122
Briante Weber,0.1951219512195122,0.4146341463414634,0.4705882352941177,0.4166666666666667,0.053921568627451,60
Brice Johnson,0.0,0.25,0.0,0.2857142857142857,-0.2857142857142857,7
Brook Lopez,0.2176684881602914,0.4763205828779599,0.4569789674952199,0.4731457800511509,-0.016166812555931,1173
Bruno Caboclo,0.0909090909090909,0.3636363636363636,0.25,0.375,-0.125,16
Bryn Forbes,0.1466666666666666,0.3866666666666666,0.3793103448275862,0.3636363636363636,0.0156739811912226,99
Buddy Hield,0.1822157434402332,0.4416909620991253,0.4125412541254125,0.42578125,-0.0132399958745874,768
CJ McCollum,0.2432035268185158,0.4871418074944893,0.4992458521870286,0.4802220680083275,0.0190237841787011,1441
CJ Miles,0.1786339754816112,0.4430823117338003,0.4031620553359683,0.4343122102009273,-0.0311501548649589,647
CJ Watson,0.1526315789473684,0.4052631578947368,0.3766233766233766,0.3870967741935484,-0.0104733975701717,248
CJ Wilcox,0.0588235294117647,0.3529411764705882,0.1666666666666666,0.2580645161290322,-0.0913978494623655,31
Cameron Payne,0.1288343558282208,0.3619631901840491,0.3559322033898305,0.3316062176165803,0.0243259857732501,193
Caris Levert,0.2105263157894736,0.4489164086687306,0.4689655172413792,0.45,0.0189655172413792,380
Carmelo Anthony,0.1899696048632219,0.4414893617021276,0.4302925989672977,0.4330935251798561,-0.0028009262125583,1390
Chandler Parsons,0.1276595744680851,0.3563829787234042,0.3582089552238806,0.3378378378378378,0.0203711173860428,222
Channing Frye,0.1838565022421524,0.4708520179372197,0.3904761904761905,0.4576923076923077,-0.0672161172161172,520
Chasson Randle,0.1842105263157894,0.4078947368421052,0.4516129032258064,0.4081632653061224,0.043449637919684,98
Cheick Diallo,0.2786885245901639,0.4918032786885246,0.5666666666666667,0.4736842105263157,0.0929824561403509,76
Chinanu Onuaku,0.3333333333333333,0.3333333333333333,1.0,0.7142857142857143,0.2857142857142857,7
Chris Andersen,0.1666666666666666,0.3333333333333333,0.5,0.4090909090909091,0.0909090909090908,22
Chris McCullough,0.3888888888888889,0.5555555555555556,0.7,0.5,0.1999999999999999,32
Chris Paul,0.2113259668508287,0.4848066298342541,0.4358974358974358,0.4764331210191083,-0.0405356851216724,785
Christian Wood,0.3571428571428571,0.6428571428571429,0.5555555555555556,0.5217391304347826,0.0338164251207729,23
Clint Capela,0.4024144869215292,0.6498993963782697,0.6191950464396285,0.6441281138790036,-0.024933067439375,562
Cody Zeller,0.3280839895013123,0.5669291338582677,0.5787037037037037,0.5711060948081265,0.0075976088955772,443
Cole Aldrich,0.238095238095238,0.5952380952380952,0.3999999999999999,0.5232558139534884,-0.1232558139534884,86
Corey Brewer,0.1722846441947565,0.4531835205992509,0.3801652892561983,0.4224137931034483,-0.0422485038472499,348
Cory Joseph,0.1979345955249569,0.4647160068846815,0.4259259259259259,0.4523449319213313,-0.0264190059954053,661
Courtney Lee,0.2041467304625199,0.4545454545454545,0.4491228070175438,0.4559659090909091,-0.0068431020733652,704
Cristiano Felicio,0.3270440251572327,0.5974842767295597,0.5473684210526316,0.5765765765765766,-0.0292081555239449,222
D'Angelo Russell,0.1540372670807453,0.4161490683229814,0.3701492537313433,0.4048442906574394,-0.0346950369260961,867
D.J. Augustin,0.1526195899772209,0.4031890660592255,0.3785310734463276,0.3771760154738878,0.0013550579724398,517
Damian Jones,0.2222222222222222,0.4444444444444444,0.5,0.5,0.0,16
Damian Lillard,0.1874115983026874,0.4469589816124469,0.4193037974683544,0.4439220953660174,-0.0246182978976629,1489
Damjan Rudez,0.2307692307692307,0.4230769230769231,0.5454545454545455,0.3522727272727273,0.1931818181818182,88
Daniel Ochefu,0.2307692307692307,0.6153846153846154,0.375,0.4444444444444444,-0.0694444444444444,27
Danilo Gallinari,0.1950509461426492,0.4512372634643377,0.4322580645161291,0.4466666666666666,-0.0144086021505375,750
Danny Green,0.1368421052631579,0.3815789473684211,0.3586206896551724,0.3928571428571428,-0.0342364532019703,448
Dante Cunningham,0.2448979591836734,0.4897959183673469,0.5,0.4846796657381615,0.0153203342618384,359
Dante Exum,0.2073578595317725,0.4280936454849498,0.484375,0.4258241758241758,0.0585508241758241,364
Dario Saric,0.1773049645390071,0.4208037825059101,0.4213483146067416,0.4110032362459547,0.0103450783607869,927
Darrell Arthur,0.2,0.4742857142857143,0.4216867469879518,0.4418604651162791,-0.0201737181283272,215
Darren Collison,0.2356589147286821,0.4868217054263566,0.484076433121019,0.4768583450210378,0.0072180880999812,713
Darrun Hilliard,0.1489361702127659,0.4042553191489361,0.3684210526315789,0.373015873015873,-0.004594820384294,126
David Lee,0.3625730994152046,0.5847953216374269,0.62,0.5904761904761905,0.0295238095238095,420
David Nwaba,0.3387096774193548,0.5483870967741935,0.6176470588235294,0.5802469135802469,0.0374001452432825,81
David West,0.2608695652173913,0.5489130434782609,0.4752475247524752,0.5357142857142857,-0.0604667609618104,252
Davis Bertans,0.2346368715083799,0.4804469273743016,0.4883720930232558,0.4401709401709401,0.0482011528523157,234
DeAndre Jordan,0.4939516129032258,0.6995967741935484,0.7060518731988473,0.7140381282495667,-0.0079862550507193,577
DeAndre Liggins,0.1157894736842105,0.4105263157894737,0.282051282051282,0.3873239436619718,-0.1052726616106897,142
DeAndre' Bembry,0.2058823529411764,0.4411764705882353,0.4666666666666667,0.4795918367346938,-0.0129251700680271,98
DeMar DeRozan,0.2154996600951733,0.4629503738953093,0.4654919236417034,0.4666666666666667,-0.0011747430249632,1545
DeMarcus Cousins,0.1910360029390154,0.4533431300514328,0.4213938411669368,0.4515003489183531,-0.0301065077514163,1433
DeMarre Carroll,0.1698113207547169,0.4213836477987421,0.4029850746268656,0.4007285974499089,0.0022564771769567,549
Dejounte Murray,0.2117647058823529,0.4588235294117647,0.4615384615384615,0.4310344827586206,0.0305039787798409,116
Delon Wright,0.1978021978021978,0.4065934065934066,0.4864864864864864,0.4260869565217391,0.0603995299647473,115
Demetrius Jackson,0.0,0.5,0.0,0.75,-0.75,4
Dennis Schroder,0.1945422535211267,0.4515845070422535,0.4307992202729044,0.4510288065843621,-0.0202295863114576,1215
Denzel Valentine,0.1313559322033898,0.3771186440677966,0.348314606741573,0.3541666666666667,-0.0058520599250936,288
Deron Williams,0.1940298507462686,0.4477611940298507,0.4333333333333333,0.4383333333333333,-0.0049999999999999,600
Derrick Favors,0.2697547683923705,0.5095367847411444,0.5294117647058824,0.486810551558753,0.0426012131471293,417
"Derrick Jones, Jr.",0.3191489361702128,0.5425531914893617,0.5882352941176472,0.5666666666666667,0.0215686274509805,120
Derrick Rose,0.2256297918948521,0.4742606790799561,0.4757505773672055,0.4708290685772773,0.0049215087899282,977
Derrick Williams,0.1809045226130653,0.4170854271356783,0.4337349397590362,0.4426229508196721,-0.0088880110606359,244
Devin Booker,0.1856508875739645,0.4326923076923077,0.429059829059829,0.4237762237762237,0.0052836052836053,1430
Devin Harris,0.1294964028776978,0.4028776978417266,0.3214285714285714,0.3976608187134502,-0.0762322472848787,342
Dewayne Dedmon,0.3968253968253968,0.6243386243386243,0.635593220338983,0.6216216216216216,0.0139715987173614,259
Deyonta Davis,0.32,0.6,0.5333333333333333,0.5106382978723404,0.0226950354609929,47
Diamond Stone,0.125,0.25,0.5,0.2307692307692307,0.2692307692307693,13
Dion Waiters,0.1815235008103727,0.4376012965964344,0.4148148148148148,0.4238310708898944,-0.0090162560750796,663
Dirk Nowitzki,0.1875,0.4423076923076923,0.4239130434782608,0.4365781710914454,-0.0126651276131845,678
Domantas Sabonis,0.15,0.3925,0.3821656050955413,0.3991683991683992,-0.0170027940728578,481
Donatas Motiejunas,0.1666666666666666,0.4351851851851852,0.3829787234042553,0.4130434782608695,-0.0300647548566141,138
Dorian Finney-Smith,0.1307692307692307,0.3807692307692307,0.3434343434343435,0.3712574850299401,-0.0278231415955966,334
Doug McDermott,0.2050691244239631,0.4516129032258064,0.4540816326530612,0.4457831325301205,0.0082985001229407,498
Dragan Bender,0.1666666666666666,0.4166666666666667,0.3999999999999999,0.3540372670807453,0.0459627329192546,161
Draymond Green,0.1913043478260869,0.4295652173913043,0.4453441295546559,0.4178187403993855,0.0275253891552704,651
Dwight Howard,0.3981481481481481,0.6259259259259259,0.636094674556213,0.6319218241042345,0.0041728504519785,614
Dwight Powell,0.2763157894736842,0.5197368421052632,0.5316455696202532,0.5145888594164456,0.0170567102038076,377
Dwyane Wade,0.1921787709497206,0.4435754189944134,0.4332493702770781,0.4335078534031413,-0.0002584831260631,955
E'Twaun Moore,0.1974405850091407,0.4716636197440585,0.4186046511627907,0.4564516129032258,-0.037846961740435,620
Ed Davis,0.3,0.54,0.5555555555555555,0.528169014084507,0.0273865414710484,142
Elfrid Payton,0.2306763285024154,0.4842995169082125,0.4763092269326683,0.4725274725274725,0.0037817544051958,910
Elliott Williams,0.0,0.625,0.0,0.5,-0.5,12
Emmanuel Mudiay,0.1546184738955823,0.3875502008032128,0.3989637305699482,0.3768115942028985,0.0221521363670497,552
Enes Kanter,0.3037593984962406,0.5533834586466165,0.5489130434782609,0.5454545454545454,0.0034584980237154,737
Eric Bledsoe,0.1750772399588053,0.4325437693099897,0.4047619047619047,0.4329797492767598,-0.028217844514855,1037
Eric Gordon,0.1565495207667731,0.4068157614483493,0.3848167539267016,0.4063116370808678,-0.0214948831541662,1014
Ersan Ilyasova,0.1970260223048327,0.4399008674101611,0.4478873239436619,0.4319460067491563,0.0159413171945056,889
Evan Fournier,0.1837209302325581,0.4395348837209302,0.4179894179894179,0.4396551724137931,-0.0216657544243751,928
Evan Turner,0.1930184804928131,0.4353182751540041,0.4433962264150943,0.426497277676951,0.0168989487381433,551
Frank Kaminsky,0.1815680880330124,0.4071526822558459,0.4459459459459459,0.399002493765586,0.0469434521803599,802
Fred VanVleet,0.1341463414634146,0.3780487804878049,0.3548387096774194,0.3545454545454545,0.0002932551319648,110
Garrett Temple,0.1983695652173913,0.4320652173913043,0.4591194968553459,0.4236111111111111,0.0355083857442348,432
Gary Harris,0.2435233160621761,0.5043177892918825,0.4828767123287671,0.5031446540880503,-0.0202679417592831,636
Gary Payton II,0.1764705882352941,0.4705882352941176,0.375,0.3636363636363636,0.0113636363636364,22
George Hill,0.2315978456014362,0.4847396768402154,0.4777777777777777,0.4768976897689769,0.0008800880088008,606
George Niang,0.0,0.2105263157894736,0.0,0.25,-0.25,36
Georgios Papagiannis,0.2738095238095238,0.5238095238095238,0.5227272727272727,0.5490196078431373,-0.0262923351158645,102
Gerald Green,0.202127659574468,0.4361702127659574,0.4634146341463414,0.407725321888412,0.0556893122579294,233
Gerald Henderson,0.1899791231732776,0.4405010438413361,0.4312796208530806,0.4246823956442831,0.0065972252087975,551
Giannis Antetokounmpo,0.2650807136788445,0.5284621920135939,0.5016077170418006,0.5218774860779634,-0.0202697690361627,1257
Glenn Robinson III,0.2279411764705882,0.4816176470588235,0.4732824427480915,0.4660766961651917,0.0072057465828998,339
Goran Dragic,0.2157794676806083,0.4838403041825095,0.4459724950884087,0.4746666666666667,-0.0286941715782579,1125
Gordon Hayward,0.2229417206290471,0.4754856614246068,0.4688715953307393,0.4722703639514731,-0.0033987686207337,1154
Gorgui Dieng,0.2647058823529412,0.5173010380622838,0.5117056856187291,0.503030303030303,0.008675382588426,660
Greg Monroe,0.2728682170542635,0.524031007751938,0.5207100591715976,0.5330578512396694,-0.0123477920680717,726
Greivis Vasquez,0.0,0.2,0.0,0.25,-0.25,8
Guillermo Hernangomez,0.2738693467336683,0.5301507537688442,0.5165876777251185,0.531317494600432,-0.0147298168753134,463
Harrison Barnes,0.2098251457119067,0.4729392173189009,0.4436619718309859,0.46796875,-0.024306778169014,1280
Hassan Whiteside,0.3203125,0.5602678571428571,0.5717131474103586,0.5570400822199383,0.0146730651904203,973
Henry Ellenson,0.125,0.3958333333333333,0.3157894736842105,0.359375,-0.0435855263157894,64
Hollis Thompson,0.15,0.41875,0.3582089552238806,0.385,-0.0267910447761194,200
Ian Clark,0.2346368715083799,0.505586592178771,0.4640883977900552,0.48729792147806,-0.0232095236880047,433
Ian Mahinmi,0.4024390243902439,0.6219512195121951,0.6470588235294118,0.5909090909090909,0.0561497326203208,110
Iman Shumpert,0.1646489104116222,0.4116222760290557,0.3999999999999999,0.4110429447852761,-0.0110429447852761,489
Isaiah Canaan,0.1223021582733813,0.3884892086330935,0.3148148148148148,0.3641618497109826,-0.0493470348961677,173
Isaiah Thomas,0.1961345740873299,0.462419470293486,0.4241486068111454,0.4630006788866259,-0.0388520720754804,1473
Isaiah Whitehead,0.1517241379310344,0.4045977011494253,0.375,0.4023668639053254,-0.0273668639053253,507
Ish Smith,0.1964017991004497,0.4362818590704648,0.4501718213058419,0.4398395721925133,0.0103322491133285,748
Ivica Zubac,0.3168316831683168,0.5495049504950495,0.5765765765765766,0.5294117647058824,0.0471648118706942,238
J.J. Barea,0.1655844155844155,0.422077922077922,0.3923076923076923,0.4139941690962099,-0.0216864767885175,343
J.R. Smith,0.1238095238095238,0.3428571428571428,0.3611111111111111,0.3455056179775281,0.015605493133583,356
JJ Redick,0.2041820418204182,0.4624846248462484,0.4414893617021276,0.4444444444444444,-0.0029550827423167,891
JaMychal Green,0.2582938388625592,0.5023696682464455,0.5141509433962265,0.501002004008016,0.0131489393882104,499
JaVale McGee,0.4412955465587044,0.6558704453441295,0.6728395061728395,0.6520376175548589,0.0208018886179806,319
Jabari Parker,0.2267365661861074,0.4941022280471822,0.4588859416445623,0.4901719901719901,-0.0312860485274277,814
Jae Crowder,0.2098765432098765,0.4660493827160494,0.4503311258278145,0.4625,-0.0121688741721854,720
Jahlil Okafor,0.2785714285714286,0.5333333333333333,0.5223214285714286,0.5148936170212766,0.007427811550152,470
Jake Layman,0.0769230769230769,0.3076923076923077,0.25,0.2921348314606741,-0.042134831460674,89
Jakob Poeltl,0.3943661971830985,0.5633802816901409,0.7,0.5826086956521739,0.117391304347826,115
Jamal Crawford,0.1649746192893401,0.4276649746192893,0.3857566765578635,0.4126436781609195,-0.026887001603056,870
Jamal Murray,0.1759259259259259,0.4166666666666667,0.4222222222222222,0.4046639231824417,0.0175582990397805,729
Jameer Nelson,0.1947069943289225,0.4650283553875236,0.4186991869918699,0.4437086092715231,-0.0250094222796531,604
James Ennis III,0.1923076923076923,0.4884615384615384,0.3937007874015748,0.454828660436137,-0.0611278730345621,321
James Harden,0.180565127498277,0.4465885596140592,0.404320987654321,0.4399477806788511,-0.03562679302453,1532
James Johnson,0.2343522561863173,0.4861717612809316,0.4820359281437126,0.4829396325459317,-0.000903704402219,762
James Jones,0.2352941176470588,0.4558823529411764,0.5161290322580645,0.47,0.0461290322580645,100
James Michael McAdoo,0.2894736842105263,0.5657894736842105,0.5116279069767442,0.5254237288135594,-0.0137958218368151,118
James Young,0.1944444444444444,0.4722222222222222,0.411764705882353,0.4310344827586206,-0.0192697768762676,58
Jared Dudley,0.1795774647887324,0.4683098591549295,0.3834586466165414,0.453757225433526,-0.0702985788169845,346
Jared Sullinger,0.1538461538461538,0.358974358974359,0.4285714285714286,0.3125,0.1160714285714286,48
Jarell Eddie,0.125,0.3125,0.4,0.3157894736842105,0.0842105263157895,19
Jarell Martin,0.1140350877192982,0.4122807017543859,0.276595744680851,0.3815789473684211,-0.10498320268757,152
Jarrett Jack,0.0,0.5,0.0,0.6666666666666666,-0.6666666666666666,3
Jarrod Uthoff,0.2,0.3333333333333333,0.6000000000000001,0.4210526315789473,0.1789473684210528,38
Jason Smith,0.2684824902723735,0.5291828793774319,0.5073529411764706,0.5272727272727272,-0.0199197860962566,330
Jason Terry,0.1520467836257309,0.4269005847953216,0.3561643835616438,0.4320987654320987,-0.0759343818704548,243
Jaylen Brown,0.1982758620689655,0.4770114942528735,0.4156626506024097,0.4528301886792453,-0.0371675380768355,424
Jeff Green,0.1554192229038855,0.3967280163599182,0.3917525773195876,0.3942652329749104,-0.0025126556553227,558
Jeff Teague,0.1924939467312348,0.4467312348668281,0.4308943089430894,0.4427312775330396,-0.0118369685899501,908
Jeff Withey,0.25,0.53125,0.4705882352941176,0.5339805825242718,-0.0633923472301541,103
Jerami Grant,0.1968503937007874,0.4448818897637795,0.4424778761061947,0.4634146341463415,-0.0209367580401467,328
Jeremy Lamb,0.2051282051282051,0.4615384615384615,0.4444444444444444,0.460285132382892,-0.0158406879384475,491
Jeremy Lin,0.1785714285714285,0.4423076923076923,0.4037267080745342,0.4375,-0.0337732919254658,400
Jerian Grant,0.2033195020746888,0.4356846473029045,0.4666666666666667,0.4252491694352159,0.0414174972314507,301
Jerryd Bayless,0.1034482758620689,0.3793103448275862,0.2727272727272727,0.34375,-0.0710227272727272,32
Jimmy Butler,0.1989795918367347,0.4549319727891156,0.4373831775700935,0.4552715654952076,-0.0178883879251141,1252
Joakim Noah,0.282051282051282,0.4935897435897436,0.5714285714285714,0.4900990099009901,0.0813295615275813,202
Jodie Meeks,0.1954545454545454,0.4227272727272727,0.4623655913978495,0.40234375,0.0600218413978494,256
Joe Harris,0.1677419354838709,0.4580645161290322,0.3661971830985915,0.425414364640884,-0.0592171815422924,362
Joe Ingles,0.2108108108108108,0.4675675675675675,0.4508670520231214,0.4523281596452328,-0.0014611076221113,451
Joe Johnson,0.2010968921389396,0.4515539305301645,0.4453441295546558,0.4368,0.0085441295546558,625
Joe Young,0.217391304347826,0.3695652173913043,0.5882352941176471,0.3611111111111111,0.2271241830065359,72
Joel Anthony,0.375,0.5,0.75,0.625,0.125,16
Joel Bolomboy,0.1111111111111111,0.5555555555555556,0.1999999999999999,0.5625,-0.3625,16
Joel Embiid,0.2085427135678391,0.4648241206030151,0.4486486486486486,0.4662004662004662,-0.0175518175518175,429
Joffrey Lauvergne,0.1947565543071161,0.4606741573033708,0.4227642276422764,0.4417910447761194,-0.019026817133843,335
John Henson,0.2401574803149606,0.547244094488189,0.4388489208633093,0.5129032258064516,-0.0740543049431423,310
John Lucas III,0.0,0.3333333333333333,0.0,0.25,-0.25,4
John Wall,0.1969026548672566,0.4564896755162242,0.431340872374798,0.4511854951185495,-0.0198446227437514,1434
Johnny O'Bryant III,0.35,0.55,0.6363636363636362,0.5,0.1363636363636362,30
Jon Leuer,0.2390924956369982,0.4834205933682373,0.4945848375451263,0.4806800618238022,0.0139047757213241,647
Jonas Jerebko,0.1925133689839572,0.427807486631016,0.45,0.4351145038167939,0.0148854961832061,262
Jonas Valanciunas,0.3054662379421222,0.5562700964630225,0.5491329479768786,0.5569800569800569,-0.0078471090031783,702
Jonathan Gibson,0.1097560975609756,0.3292682926829268,0.3333333333333333,0.3684210526315789,-0.0350877192982456,95
Jonathon Simmons,0.1875,0.4346590909090909,0.4313725490196078,0.4204275534441805,0.0109449955754273,421
Jordan Clarkson,0.1965552178318135,0.4468085106382978,0.4399092970521542,0.4462114125350795,-0.0063021154829253,1069
Jordan Crawford,0.2110552763819095,0.4874371859296482,0.4329896907216495,0.481651376146789,-0.0486616854251394,218
Jordan Farmar,0.1,0.3,0.3333333333333333,0.3333333333333333,5.551115123125783e-17,12
Jordan Hill,0.1111111111111111,0.4444444444444444,0.25,0.3846153846153846,-0.1346153846153845,13
Jordan McRae,0.1311475409836065,0.3770491803278688,0.3478260869565218,0.3866666666666666,-0.0388405797101448,150
Jordan Mickey,0.2941176470588235,0.5294117647058824,0.5555555555555556,0.4411764705882353,0.1143790849673203,34
Jose Calderon,0.2474226804123711,0.4432989690721649,0.5581395348837209,0.4104477611940298,0.1476917736896911,134
Josh Huestis,0.2222222222222222,0.5555555555555556,0.3999999999999999,0.5454545454545454,-0.1454545454545454,11
Josh McRoberts,0.125,0.3854166666666667,0.3243243243243243,0.3728813559322034,-0.0485570316078791,118
Josh Richardson,0.1260869565217391,0.4,0.3152173913043478,0.3937621832358674,-0.0785447919315196,513
Jrue Holiday,0.2103990326481257,0.4691656590084643,0.4484536082474226,0.4530201342281879,-0.0045665259807652,894
Juancho Hernangomez,0.1666666666666666,0.4885057471264368,0.3411764705882352,0.452914798206278,-0.1117383276180427,223
Julius Randle,0.2214285714285714,0.4742857142857143,0.466867469879518,0.4870801033591731,-0.020212633479655,774
Justin Anderson,0.1775956284153005,0.4207650273224044,0.422077922077922,0.4266055045871559,-0.0045275825092338,436
Justin Hamilton,0.2088607594936709,0.4683544303797468,0.4459459459459459,0.4591029023746701,-0.0131569564287241,379
Justin Harper,0.1111111111111111,0.3333333333333333,0.3333333333333333,0.4166666666666667,-0.0833333333333333,12
Justin Holiday,0.168859649122807,0.4364035087719298,0.3869346733668341,0.433085501858736,-0.0461508284919018,538
Justise Winslow,0.1586538461538461,0.3653846153846153,0.4342105263157895,0.3539823008849557,0.0802282254308338,226
Jusuf Nurkic,0.2665245202558635,0.511727078891258,0.5208333333333334,0.5074906367041199,0.0133426966292135,534
KJ McDaniels,0.2061068702290076,0.4351145038167939,0.4736842105263158,0.4529411764705882,0.0207430340557276,170
Karl-Anthony Towns,0.2927702219040802,0.5468861846814602,0.5353403141361257,0.5422582826233941,-0.0069179684872684,1479
Kawhi Leonard,0.2189014539579967,0.4846526655896607,0.4516666666666666,0.4847560975609756,-0.0330894308943089,1312
Kay Felder,0.2049180327868852,0.4180327868852459,0.4901960784313725,0.3924050632911392,0.0977910151402333,158
Kelly Olynyk,0.2741935483870967,0.543778801843318,0.5042372881355932,0.5108055009823183,-0.006568212846725,509
Kelly Oubre Jr.,0.1825613079019073,0.438692098092643,0.4161490683229814,0.4198645598194131,-0.0037154914964317,443
Kemba Walker,0.2040816326530612,0.4438775510204081,0.4597701149425287,0.4431426602343211,0.0166274547082076,1451
Kenneth Faried,0.3154929577464789,0.5549295774647888,0.5685279187817259,0.5493975903614458,0.0191303284202801,415
Kent Bazemore,0.1664098613251155,0.4206471494607088,0.3956043956043956,0.4085872576177285,-0.0129828620133329,722
Kentavious Caldwell-Pope,0.1559202813599062,0.4114888628370457,0.3789173789173789,0.3987068965517241,-0.0197895176343451,928
Kevin Durant,0.2831950207468879,0.5311203319502075,0.533203125,0.5370370370370371,-0.003833912037037,1026
Kevin Love,0.1635687732342007,0.426270136307311,0.3837209302325581,0.4267589388696655,-0.0430380086371073,867
Kevin Seraphin,0.3289473684210526,0.5855263157894737,0.5617977528089888,0.5505050505050505,0.0112927023039383,198
Kevon Looney,0.2459016393442623,0.5245901639344263,0.4687499999999999,0.5233644859813084,-0.0546144859813084,107
Khris Middleton,0.2006578947368421,0.4605263157894737,0.4357142857142858,0.4504504504504504,-0.0147361647361646,333
Klay Thompson,0.2265023112480739,0.4722650231124807,0.4796084828711256,0.4680232558139535,0.0115852270571721,1376
Kosta Koufos,0.3136645962732919,0.5559006211180124,0.5642458100558659,0.5510204081632653,0.0132254018926006,392
Kris Dunn,0.1567796610169491,0.4110169491525424,0.3814432989690721,0.3769968051118211,0.004446493857251,313
Kris Humphries,0.1698113207547169,0.4276729559748428,0.3970588235294117,0.4065420560747663,-0.0094832325453545,214
Kristaps Porzingis,0.1849836779107725,0.4548422198041349,0.4066985645933014,0.449746192893401,-0.0430476283000995,985
Kyle Anderson,0.1854304635761589,0.4304635761589404,0.4307692307692308,0.4449760765550239,-0.0142068457857931,209
Kyle Korver,0.1856823266219239,0.4563758389261745,0.4068627450980392,0.4649805447470817,-0.0581177996490425,514
Kyle Lowry,0.2144522144522144,0.4743589743589743,0.4520884520884521,0.4640522875816993,-0.0119638354932471,918
Kyle O'Quinn,0.2656716417910448,0.5402985074626866,0.4917127071823204,0.5205811138014528,-0.0288684066191323,413
Kyle Singler,0.087719298245614,0.3508771929824561,0.25,0.4096385542168674,-0.1596385542168674,83
Kyle Wiltjer,0.1666666666666666,0.3333333333333333,0.5,0.2857142857142857,0.2142857142857143,14
Kyrie Irving,0.2255192878338278,0.4747774480712166,0.475,0.4725352112676056,0.0024647887323943,1420
LaMarcus Aldridge,0.2210849539406346,0.4779938587512794,0.4625267665952891,0.4766444232602478,-0.0141176566649587,1049
Lamar Patterson,0.0909090909090909,0.1818181818181818,0.5,0.2,0.3,15
Lance Stephenson,0.233009708737864,0.4757281553398058,0.4897959183673469,0.45,0.0397959183673469,120
Lance Thomas,0.1666666666666666,0.4090909090909091,0.4074074074074074,0.3975409836065574,0.00986642380085,244
Langston Galloway,0.135306553911205,0.3974630021141649,0.3404255319148936,0.3798165137614679,-0.0393909818465743,545
Larry Nance Jr.,0.2748344370860927,0.5364238410596026,0.5123456790123457,0.5234159779614325,-0.0110702989490867,363
Lavoy Allen,0.2782608695652174,0.5043478260869565,0.5517241379310345,0.4583333333333333,0.0933908045977011,168
LeBron James,0.2968503937007874,0.5464566929133858,0.5432276657060519,0.5476190476190477,-0.0043913819129958,1344
Leandro Barbosa,0.2188449848024316,0.4620060790273556,0.4736842105263157,0.4376590330788804,0.0360251774474353,393
Lou Williams,0.1875681570338059,0.4492911668484187,0.4174757281553398,0.4278557114228457,-0.0103799832675058,998
Luc Mbah a Moute,0.2608695652173913,0.5016722408026756,0.52,0.5052910052910053,0.0147089947089946,378
Lucas Nogueira,0.4954954954954955,0.6576576576576577,0.7534246575342465,0.6602564102564102,0.0931682472778362,156
Luis Scola,0.2051282051282051,0.4615384615384615,0.4444444444444444,0.4701986754966887,-0.0257542310522442,151
Luke Babbitt,0.1751152073732718,0.423963133640553,0.4130434782608695,0.4021352313167259,0.0109082469441436,281
Luol Deng,0.1300813008130081,0.4065040650406504,0.32,0.3858823529411764,-0.0658823529411763,425
Malachi Richardson,0.1458333333333333,0.4166666666666667,0.35,0.4117647058823529,-0.0617647058823528,68
Malcolm Brogdon,0.2110912343470483,0.4597495527728086,0.4591439688715953,0.4574132492113564,0.0017307196602389,634
Malcolm Delaney,0.1464968152866242,0.410828025477707,0.3565891472868217,0.3746770025839793,-0.0180878552971576,387
Malik Beasley,0.2363636363636363,0.4545454545454545,0.52,0.4520547945205479,0.0679452054794521,73
Manny Harris,0.0,0.3,0.0,0.2307692307692307,-0.2307692307692307,13
Manu Ginobili,0.154054054054054,0.4027027027027027,0.3825503355704698,0.3895216400911162,-0.0069713045206463,439
Marc Gasol,0.2108655616942909,0.4585635359116022,0.4598393574297189,0.4586206896551724,0.0012186677745464,1160
Marcelo Huertas,0.0833333333333333,0.375,0.2222222222222222,0.3676470588235294,-0.1454248366013071,68
Marcin Gortat,0.3310810810810811,0.5658783783783784,0.5850746268656716,0.5786350148367952,0.0064396120288763,674
Marco Belinelli,0.1792975970425138,0.4343807763401109,0.4127659574468085,0.4292682926829268,-0.0165023352361183,615
Marcus Georges-Hunt,0.25,0.5,0.5,0.2857142857142857,0.2142857142857143,7
Marcus Morris,0.1810344827586207,0.4288793103448275,0.4221105527638191,0.4180734856007944,0.0040370671630247,1007
Marcus Smart,0.1195814648729446,0.3677130044843049,0.3252032520325203,0.3596256684491978,-0.0344224164166774,748
Marcus Thornton,0.1694915254237288,0.423728813559322,0.4,0.4,0.0,210
Mario Hezonja,0.1185185185185185,0.3518518518518518,0.3368421052631579,0.3545454545454545,-0.0177033492822966,330
Markieff Morris,0.2152521525215252,0.4514145141451414,0.4768392370572207,0.4566929133858268,0.0201463236713939,889
Marquese Chriss,0.1796733212341197,0.4591651542649728,0.3913043478260869,0.4493670886075949,-0.0580627407815079,632
Marreese Speights,0.2025862068965517,0.4655172413793103,0.4351851851851852,0.4468864468864469,-0.0117012617012617,546
Marshall Plumlee,0.3888888888888889,0.6111111111111112,0.6363636363636364,0.5517241379310345,0.0846394984326018,29
Marvin Williams,0.1770334928229665,0.4226475279106858,0.4188679245283019,0.422475106685633,-0.003607182157331,703
Mason Plumlee,0.2794117647058823,0.5220588235294118,0.5352112676056338,0.5344,0.0008112676056337,625
Matt Barnes,0.1578947368421052,0.3934837092731829,0.4012738853503185,0.3911205073995771,0.0101533779507413,473
Matthew Dellavedova,0.1572052401746725,0.4061135371179039,0.3870967741935484,0.3895131086142322,-0.0024163344206838,534
Maurice Harkless,0.2427007299270073,0.5091240875912408,0.4767025089605735,0.5024,-0.0256974910394264,625
Maurice Ndour,0.2068965517241379,0.4655172413793103,0.4444444444444445,0.4642857142857143,-0.0198412698412698,84
Metta World Peace,0.06,0.36,0.1666666666666666,0.2794117647058823,-0.1127450980392156,68
Meyers Leonard,0.1428571428571428,0.3896103896103896,0.3666666666666666,0.3852242744063324,-0.0185576077396657,379
Michael Beasley,0.2951289398280802,0.5415472779369628,0.544973544973545,0.5333333333333333,0.0116402116402116,405
Michael Carter-Williams,0.1325757575757575,0.3484848484848485,0.3804347826086956,0.3660130718954248,0.0144217107132708,306
Michael Kidd-Gilchrist,0.2216014897579143,0.478584729981378,0.4630350194552529,0.4773462783171521,-0.0143112588618992,618
Mike Conley,0.2106382978723404,0.4627659574468085,0.4551724137931034,0.4598612487611496,-0.0046888349680461,1009
Mike Dunleavy,0.1726190476190476,0.4523809523809524,0.381578947368421,0.4227272727272727,-0.0411483253588516,220
Mike Miller,0.3076923076923077,0.5384615384615384,0.5714285714285715,0.391304347826087,0.1801242236024845,23
Mike Muscala,0.3099630996309963,0.5129151291512916,0.60431654676259,0.5044510385756676,0.0998655081869223,337
Mike Scott,0.0975609756097561,0.3170731707317073,0.3076923076923077,0.293103448275862,0.0145888594164457,58
Mike Tobey,0.0,0.5,0.0,0.25,-0.25,4
Miles Plumlee,0.25,0.4642857142857143,0.5384615384615384,0.4782608695652174,0.060200668896321,92
Mindaugas Kuzminskas,0.1848184818481848,0.4422442244224422,0.4179104477611939,0.4293478260869565,-0.0114373783257625,368
Mirza Teletovic,0.163323782234957,0.4040114613180516,0.4042553191489361,0.3732057416267942,0.0310495775221419,418
Monta Ellis,0.2153209109730849,0.4513457556935817,0.4770642201834862,0.4434470377019748,0.0336171824815114,557
Montrezl Harrell,0.4463667820069204,0.657439446366782,0.6789473684210526,0.6521739130434783,0.0267734553775743,345
Myles Turner,0.2458808618504436,0.5069708491761724,0.485,0.5103448275862069,-0.0253448275862069,870
Nemanja Bjelica,0.1958762886597938,0.4295532646048109,0.456,0.4241573033707865,0.0318426966292135,356
Nene Hilario,0.4,0.6303030303030303,0.6346153846153847,0.6171284634760705,0.0174869211393141,397
Nerlens Noel,0.35,0.5846153846153846,0.5986842105263157,0.5935483870967742,0.0051358234295415,310
Nick Collison,0.4285714285714285,0.5714285714285714,0.75,0.6086956521739131,0.1413043478260869,23
Nick Young,0.2041884816753926,0.4485165794066317,0.4552529182879377,0.430379746835443,0.0248731714524947,632
Nicolas Batum,0.1549609810479375,0.4136008918617614,0.3746630727762803,0.4034907597535934,-0.028827686977313,974
Nicolas Brussino,0.1650485436893204,0.4077669902912621,0.4047619047619048,0.3687943262411347,0.0359675785207701,141
Nicolas Laprovittola,0.1714285714285714,0.4285714285714285,0.4,0.425531914893617,-0.025531914893617,47
Nik Stauskas,0.1573236889692585,0.3942133815551537,0.3990825688073394,0.3965244865718799,0.0025580822354595,633
Nikola Jokic,0.3205619412515964,0.578544061302682,0.5540838852097131,0.5771028037383178,-0.0230189185286047,856
Nikola Mirotic,0.1552346570397112,0.4332129963898917,0.3583333333333334,0.4134615384615384,-0.0551282051282049,624
Nikola Vucevic,0.208768267223382,0.4749478079331941,0.4395604395604395,0.4675701839303001,-0.0280097443698605,1033
Noah Vonleh,0.2475728155339805,0.4660194174757281,0.53125,0.4814814814814814,0.0497685185185186,270
Norman Powell,0.195852534562212,0.456221198156682,0.4292929292929293,0.4477317554240631,-0.0184388261311338,507
Norris Cole,0.05,0.375,0.1333333333333333,0.3076923076923077,-0.1743589743589743,52
Okaro White,0.1034482758620689,0.3620689655172414,0.2857142857142857,0.3793103448275862,-0.0935960591133004,87
Omer Asik,0.275,0.525,0.5238095238095238,0.4769230769230769,0.0468864468864469,65
Omri Casspi,0.2403100775193798,0.4573643410852713,0.5254237288135594,0.4666666666666667,0.0587570621468926,165
Otto Porter Jr.,0.2655601659751037,0.5145228215767634,0.5161290322580646,0.5155666251556662,0.0005624071023984,803
P.J. Tucker,0.1641791044776119,0.4278606965174129,0.3837209302325581,0.4137214137214137,-0.0300004834888555,481
Pascal Siakam,0.25,0.5592105263157895,0.4470588235294117,0.5024390243902439,-0.0553802008608321,205
Pat Connaughton,0.25,0.4791666666666667,0.5217391304347826,0.5138888888888888,0.0078502415458937,72
Patrick Beverley,0.157563025210084,0.4285714285714285,0.3676470588235294,0.4198895027624309,-0.0522424439389014,543
Patrick McCaw,0.1783783783783784,0.4432432432432432,0.4024390243902439,0.4326530612244898,-0.0302140368342458,245
Patrick Patterson,0.1692789968652037,0.4012539184952978,0.421875,0.4010416666666667,0.0208333333333333,384
Patty Mills,0.1959334565619223,0.4491682070240296,0.4362139917695473,0.4396135265700483,-0.0033995348005009,621
Pau Gasol,0.237037037037037,0.5092592592592593,0.4654545454545454,0.5016556291390728,-0.0362010836845273,604
Paul George,0.2081696779261586,0.4666142969363708,0.4461279461279461,0.4614243323442136,-0.0152963862162674,1348
Paul Millsap,0.1893687707641196,0.4429678848283499,0.4275,0.4423868312757201,-0.0148868312757201,972
Paul Pierce,0.1428571428571428,0.4285714285714285,0.3333333333333333,0.4,-0.0666666666666667,70
Paul Zipser,0.1666666666666666,0.4111111111111111,0.4054054054054054,0.3981900452488687,0.0072153601565366,221
Pierre Jackson,0.09375,0.34375,0.2727272727272727,0.3333333333333333,-0.0606060606060606,39
Quincy Acy,0.1804511278195488,0.4285714285714285,0.4210526315789473,0.4117647058823529,0.0092879256965944,170
Quinn Cook,0.2830188679245283,0.5471698113207547,0.5172413793103449,0.5076923076923077,0.0095490716180371,65
Rajon Rondo,0.178498985801217,0.4198782961460446,0.4251207729468599,0.4081996434937611,0.0169211294530988,561
Rakeem Christmas,0.2272727272727272,0.5,0.4545454545454545,0.4523809523809524,0.0021645021645021,42
Ramon Sessions,0.1173708920187793,0.3755868544600939,0.3125,0.3802281368821292,-0.0677281368821292,263
Randy Foye,0.1356589147286821,0.4031007751937984,0.3365384615384615,0.3630769230769231,-0.0265384615384615,325
Rashad Vaughn,0.1269841269841269,0.3968253968253968,0.32,0.3653846153846153,-0.0453846153846153,156
Raul Neto,0.1774193548387097,0.4838709677419355,0.3666666666666667,0.4456521739130434,-0.0789855072463767,92
Raymond Felton,0.1797235023041474,0.4423963133640553,0.40625,0.4299610894941634,-0.0237110894941633,514
Reggie Bullock,0.1818181818181818,0.4444444444444444,0.4090909090909091,0.421875,-0.0127840909090908,128
Reggie Jackson,0.168,0.4272,0.3932584269662921,0.4194977843426883,-0.0262393573763961,677
Reggie Williams,0.1176470588235294,0.2941176470588235,0.3999999999999999,0.3478260869565217,0.0521739130434782,23
Richard Jefferson,0.2,0.4339622641509434,0.4608695652173913,0.446064139941691,0.0148054252757003,343
Richaun Holmes,0.3126760563380282,0.5633802816901409,0.555,0.558252427184466,-0.0032524271844659,412
Ricky Rubio,0.169284467713787,0.418848167539267,0.4041666666666667,0.4027777777777778,0.0013888888888888,648
Robert Covington,0.1666666666666666,0.4009009009009009,0.4157303370786516,0.398362892223738,0.0173674448549136,733
Robin Lopez,0.2489208633093525,0.4992805755395683,0.4985590778097982,0.4929032258064516,0.0056558520033466,775
Rodney Hood,0.1551155115511551,0.4158415841584158,0.373015873015873,0.4090225563909774,-0.0360066833751043,665
Rodney McGruder,0.1588541666666666,0.4270833333333333,0.3719512195121951,0.4139433551198257,-0.0419921356076306,459
Rodney Stuckey,0.1756097560975609,0.4097560975609756,0.4285714285714285,0.3729508196721312,0.0556206088992973,244
Ron Baker,0.1502890173410404,0.4046242774566474,0.3714285714285714,0.3778801843317972,-0.0064516129032257,217
Rondae Hollis-Jefferson,0.1727861771058315,0.4384449244060475,0.3940886699507389,0.4343807763401109,-0.040292106389372,541
Ronnie Price,0.0,0.1176470588235294,0.0,0.1666666666666666,-0.1666666666666666,24
Roy Hibbert,0.3238095238095238,0.580952380952381,0.5573770491803278,0.54421768707483,0.0131593621054978,147
Rudy Gay,0.2014563106796116,0.4684466019417476,0.4300518134715025,0.4547511312217194,-0.0246993177502168,442
Rudy Gobert,0.4575645756457565,0.6531365313653137,0.7005649717514124,0.6629213483146067,0.0376436234368057,623
Russell Westbrook,0.1828940290478752,0.4260355029585799,0.4292929292929292,0.4247422680412371,0.0045506612516921,1940
Ryan Anderson,0.1825962910128388,0.4222539229671897,0.4324324324324324,0.4191461836998706,0.0132862487325618,773
Ryan Kelly,0.0588235294117647,0.2941176470588235,0.1999999999999999,0.2857142857142857,-0.0857142857142857,28
Salah Mejri,0.4756097560975609,0.6585365853658537,0.7222222222222222,0.6423357664233577,0.0798864557988645,137
Sam Dekker,0.211864406779661,0.4830508474576271,0.4385964912280701,0.4731934731934732,-0.034596981965403,429
Sasha Vujacic,0.13,0.32,0.40625,0.3088235294117647,0.0974264705882352,136
Sean Kilpatrick,0.1686746987951807,0.4216867469879518,0.3999999999999999,0.4155313351498637,-0.0155313351498637,734
Semaj Christon,0.1204819277108433,0.3493975903614458,0.3448275862068965,0.34375,0.0010775862068965,224
Serge Ibaka,0.2192691029900332,0.4817275747508305,0.4551724137931034,0.4796334012219959,-0.0244609874288924,982
Sergio Rodriguez,0.1666666666666666,0.4102564102564102,0.40625,0.3917910447761194,0.0144589552238805,536
Seth Curry,0.2310126582278481,0.4873417721518987,0.4740259740259741,0.4814814814814814,-0.0074555074555073,702
Shabazz Muhammad,0.2173076923076923,0.4942307692307692,0.4396887159533074,0.4816053511705686,-0.0419166352172611,598
Shabazz Napier,0.1985815602836879,0.4397163120567376,0.4516129032258064,0.3989071038251366,0.0527057994006698,183
Shaun Livingston,0.3166666666666666,0.5625,0.5629629629629629,0.5509554140127388,0.012007548950224,314
Shawn Long,0.3626373626373626,0.5604395604395604,0.6470588235294117,0.5648148148148148,0.0822440087145969,108
Sheldon McClellan,0.1636363636363636,0.4545454545454545,0.36,0.4,-0.04,75
Shelvin Mack,0.2171253822629969,0.4617737003058104,0.4701986754966887,0.4461942257217848,0.0240044497749039,381
Skal Labissiere,0.2834224598930481,0.5294117647058824,0.5353535353535354,0.5391705069124424,-0.003816971558907,217
Solomon Hill,0.1464646464646464,0.4090909090909091,0.3580246913580246,0.384453781512605,-0.0264290901545803,476
Spencer Dinwiddie,0.2081632653061224,0.4653061224489795,0.4473684210526316,0.4422442244224422,0.0051241966301893,303
Spencer Hawes,0.2368421052631578,0.5,0.4736842105263157,0.483754512635379,-0.0100703021090632,277
Stanley Johnson,0.1275862068965517,0.3793103448275862,0.3363636363636364,0.3534246575342465,-0.01706102117061,365
Stephen Curry,0.2131868131868131,0.473992673992674,0.4497681607418856,0.4674515235457063,-0.0176833628038206,1444
Stephen Zimmerman,0.125,0.3125,0.4,0.3225806451612903,0.0774193548387097,31
Steven Adams,0.3362369337979094,0.5714285714285714,0.5884146341463415,0.5718654434250765,0.016549190721265,654
TJ McConnell,0.2147806004618937,0.4665127020785219,0.4603960396039604,0.4609375,-0.0005414603960395,512
TJ Warren,0.2610441767068273,0.4939759036144578,0.5284552845528456,0.4956949569495695,0.0327603276032761,813
Taj Gibson,0.2746031746031746,0.5238095238095238,0.5242424242424243,0.5155367231638418,0.0087057010785824,708
Tarik Black,0.2794759825327511,0.5240174672489083,0.5333333333333333,0.5119453924914675,0.0213879408418657,293
Taurean Prince,0.1196581196581196,0.405982905982906,0.2947368421052632,0.3986013986013986,-0.1038645564961354,286
Terrence Jones,0.2265446224256292,0.4782608695652174,0.4736842105263157,0.470468431771894,0.0032157787544217,491
Terrence Ross,0.1781437125748503,0.4431137724550898,0.402027027027027,0.4369973190348525,-0.0349702920078254,746
Terry Rozier,0.1479289940828402,0.3668639053254438,0.4032258064516129,0.3673965936739659,0.035829212777647,411
Thabo Sefolosha,0.1981981981981982,0.4534534534534534,0.4370860927152318,0.4416243654822335,-0.0045382727670016,394
Thaddeus Young,0.2740619902120718,0.5350734094616639,0.5121951219512195,0.5269286754002911,-0.0147335534490715,687
Thomas Robinson,0.2941176470588235,0.5947712418300654,0.4945054945054945,0.5357142857142857,-0.0412087912087911,196
Thon Maker,0.2,0.4923076923076923,0.40625,0.4585635359116022,-0.0523135359116022,181
Tiago Splitter,0.1739130434782608,0.4782608695652174,0.3636363636363636,0.4516129032258064,-0.0879765395894427,31
Tim Frazier,0.1554252199413489,0.4310850439882698,0.3605442176870748,0.4034653465346535,-0.0429211288475786,404
Tim Hardaway Jr.,0.2004801920768307,0.4657863145258103,0.4304123711340206,0.4550438596491228,-0.0246314885151021,912
Tim Quarterman,0.2105263157894736,0.4210526315789473,0.5,0.4482758620689655,0.0517241379310344,29
Timofey Mozgov,0.2810218978102189,0.5401459854014599,0.5202702702702703,0.5152439024390244,0.0050263678312458,328
Timothe Luwawu-Cabarrot,0.1530612244897959,0.3843537414965986,0.3982300884955752,0.4027777777777778,-0.0045476892822025,360
Tobias Harris,0.2179226069246435,0.4857433808553971,0.4486373165618448,0.4802631578947368,-0.0316258413328919,1064
Tomas Satoransky,0.1666666666666666,0.40625,0.4102564102564102,0.4178082191780822,-0.0075518089216719,146
Toney Douglas,0.1170212765957446,0.3723404255319149,0.3142857142857143,0.3675213675213675,-0.0532356532356532,117
Tony Allen,0.2137404580152671,0.4599236641221374,0.4647302904564315,0.4605042016806722,0.0042260887757593,595
Tony Parker,0.233201581027668,0.4861660079051383,0.4796747967479675,0.4657293497363796,0.0139454470115878,569
Tony Snell,0.1839826839826839,0.4653679653679654,0.3953488372093023,0.4538745387453874,-0.0585257015360851,542
Treveon Graham,0.217391304347826,0.5217391304347826,0.4166666666666667,0.475,-0.0583333333333332,40
Trevor Ariza,0.1631799163179916,0.4211994421199442,0.3874172185430464,0.4090338770388959,-0.0216166584958494,797
Trevor Booker,0.2596153846153846,0.5134615384615384,0.50561797752809,0.5160744500846024,-0.0104564725565123,591
Trey Burke,0.1940298507462686,0.4975124378109453,0.39,0.4566929133858268,-0.0666929133858267,254
Trey Lyles,0.131367292225201,0.3726541554959786,0.3525179856115107,0.3621867881548975,-0.0096688025433867,439
Tristan Thompson,0.3628808864265928,0.6038781163434903,0.6009174311926605,0.5995423340961098,0.0013750970965507,437
Troy Daniels,0.1372093023255814,0.3906976744186046,0.3511904761904762,0.3729838709677419,-0.0217933947772656,496
Troy Williams,0.1804511278195488,0.4436090225563909,0.4067796610169492,0.435064935064935,-0.0282852740479858,154
Ty Lawson,0.2097130242825607,0.4635761589403973,0.4523809523809524,0.4540229885057471,-0.0016420361247947,522
Tyler Ennis,0.1901840490797546,0.4969325153374233,0.3827160493827161,0.4326923076923077,-0.0499762583095916,208
Tyler Johnson,0.1666666666666666,0.4365079365079365,0.3818181818181818,0.4306393244873341,-0.0488211426691523,829
Tyler Ulis,0.1679790026246719,0.4304461942257218,0.3902439024390244,0.4200913242009132,-0.0298474217618888,438
Tyler Zeller,0.2543859649122807,0.4824561403508772,0.5272727272727273,0.4936708860759494,0.0336018411967779,158
Tyreke Evans,0.1515151515151515,0.4212121212121212,0.3597122302158274,0.4054054054054054,-0.0456931751895779,370
Tyson Chandler,0.425414364640884,0.6685082872928176,0.6363636363636365,0.6710526315789473,-0.0346889952153108,228
Tyus Jones,0.1755725190839694,0.4732824427480916,0.3709677419354838,0.4143646408839779,-0.043396898948494,181
Udonis Haslem,0.3571428571428571,0.5,0.7142857142857143,0.4782608695652174,0.2360248447204969,23
Victor Oladipo,0.1867749419953596,0.445475638051044,0.4192708333333333,0.4434876210979548,-0.0242167877646214,929
Vince Carter,0.1654676258992805,0.4124700239808153,0.4011627906976744,0.3938775510204081,0.0072852396772662,490
Wade Baldwin IV,0.0697674418604651,0.313953488372093,0.2222222222222222,0.3157894736842105,-0.0935672514619883,114
Walter Tavares,0.6666666666666666,1.0,0.6666666666666666,0.8,-0.1333333333333334,5
Wayne Ellington,0.1582150101419878,0.4279918864097363,0.3696682464454976,0.4162162162162162,-0.0465479697707185,555
Wayne Selden,0.1956521739130435,0.5,0.391304347826087,0.4310344827586206,-0.0397301349325336,58
Wesley Johnson,0.0942028985507246,0.3768115942028985,0.25,0.365,-0.1149999999999999,200
Wesley Matthews,0.1459948320413436,0.4069767441860465,0.3587301587301587,0.3931523022432113,-0.0344221435130525,847
Will Barton,0.1943986820428336,0.443163097199341,0.4386617100371747,0.4422788605697151,-0.0036171505325403,667
Willie Cauley-Stein,0.2603406326034063,0.5206812652068127,0.5,0.5301455301455301,-0.0301455301455301,481
Willie Reed,0.3472222222222222,0.5833333333333334,0.5952380952380952,0.5684210526315789,0.0268170426065162,285
Wilson Chandler,0.2071346375143843,0.4660529344073648,0.4444444444444445,0.4606382978723404,-0.0161938534278959,940
Yogi Ferrell,0.160919540229885,0.4224137931034483,0.3809523809523809,0.4060913705583756,-0.0251389896059946,394
Zach LaVine,0.2066365007541478,0.4690799396681749,0.4405144694533762,0.4591549295774648,-0.0186404601240885,710
Zach Randolph,0.2065095398428731,0.4511784511784512,0.4577114427860697,0.4491701244813278,0.0085413183047418,964
Zaza Pachulia,0.2784810126582278,0.5527426160337553,0.5038167938931297,0.5359477124183006,-0.0321309185251709,306
