tid,competition_name,type,win,goals_for,goals_against,game_count,team_name,tricode,pp,pk,ppgf,win_pct,avg_gf,avg_ga
1,2010 NHL Regular Season,2,36.0,223.0,259.0,82,Toronto Maple Leafs,TOR,368,426,46.0,0.43902439024390244,2.825894304549876,2.825894304549876
1,2011 NHL Regular Season,2,20.0,129.0,129.0,40,Toronto Maple Leafs,TOR,192,182,36.0,0.5,2.825894304549876,2.825894304549876
1,2012 NHL Playoff,3,3.0,18.0,22.0,7,Toronto Maple Leafs,TOR,30,29,5.0,0.42857142857142855,2.825894304549876,2.825894304549876
1,2012 NHL Regular Season,2,25.0,144.0,129.0,46,Toronto Maple Leafs,TOR,234,230,39.0,0.5434782608695652,2.825894304549876,2.825894304549876
1,2013 NHL Regular Season,2,38.0,231.0,250.0,79,Toronto Maple Leafs,TOR,362,342,61.0,0.4810126582278481,2.825894304549876,2.825894304549876
1,2014 NHL Regular Season,2,29.0,209.0,258.0,78,Toronto Maple Leafs,TOR,319,343,54.0,0.3717948717948718,2.825894304549876,2.825894304549876
1,2015 NHL Regular Season,2,29.0,196.0,238.0,79,Toronto Maple Leafs,TOR,324,307,27.0,0.3670886075949367,2.825894304549876,2.825894304549876
1,2016 NHL Playoff,3,2.0,16.0,18.0,6,Toronto Maple Leafs,TOR,23,25,3.0,0.3333333333333333,2.825894304549876,2.825894304549876
1,2016 NHL Regular Season,2,40.0,255.0,246.0,82,Toronto Maple Leafs,TOR,321,321,69.0,0.4878048780487805,2.825894304549876,2.825894304549876
1,2017 NHL Playoff,3,3.0,20.0,28.0,7,Toronto Maple Leafs,TOR,26,21,4.0,0.42857142857142855,2.825894304549876,2.825894304549876
1,2017 NHL Regular Season,2,47.0,268.0,232.0,79,Toronto Maple Leafs,TOR,256,245,58.0,0.5949367088607594,2.825894304549876,2.825894304549876
2,2010 NHL Playoff,3,3.0,17.0,17.0,7,Montréal Canadiens,MTL,24,31,6.0,0.42857142857142855,2.825894304549876,2.825894304549876
2,2010 NHL Regular Season,2,43.0,213.0,203.0,79,Montréal Canadiens,MTL,399,363,69.0,0.5443037974683544,2.825894304549876,2.825894304549876
2,2011 NHL Regular Season,2,14.0,104.0,114.0,39,Montréal Canadiens,MTL,175,183,37.0,0.358974358974359,2.825894304549876,2.825894304549876
2,2012 NHL Playoff,3,1.0,9.0,20.0,5,Montréal Canadiens,MTL,41,33,3.0,0.2,2.825894304549876,2.825894304549876
2,2012 NHL Regular Season,2,29.0,152.0,129.0,48,Montréal Canadiens,MTL,237,275,53.0,0.6041666666666666,2.825894304549876,2.825894304549876
2,2013 NHL Playoff,3,10.0,51.0,46.0,17,Montréal Canadiens,MTL,76,82,18.0,0.5882352941176471,2.825894304549876,2.825894304549876
2,2013 NHL Regular Season,2,45.5,216.0,206.0,81,Montréal Canadiens,MTL,387,385,56.0,0.5617283950617284,2.825894304549876,2.825894304549876
2,2014 NHL Playoff,3,6.0,25.0,29.0,12,Montréal Canadiens,MTL,54,49,7.0,0.5,2.825894304549876,2.825894304549876
2,2014 NHL Regular Season,2,49.0,223.0,188.0,79,Montréal Canadiens,MTL,316,305,39.0,0.620253164556962,2.825894304549876,2.825894304549876
2,2015 NHL Regular Season,2,35.5,211.0,229.0,78,Montréal Canadiens,MTL,293,316,57.0,0.4551282051282051,2.825894304549876,2.825894304549876
2,2016 NHL Playoff,3,2.0,11.0,14.0,6,Montréal Canadiens,MTL,22,24,3.0,0.3333333333333333,2.825894304549876,2.825894304549876
2,2016 NHL Regular Season,2,47.5,231.0,203.0,82,Montréal Canadiens,MTL,307,286,50.0,0.5792682926829268,2.825894304549876,2.825894304549876
2,2017 NHL Regular Season,2,27.5,205.0,258.0,79,Montréal Canadiens,MTL,300,278,53.0,0.34810126582278483,2.825894304549876,2.825894304549876
4,2011 NHL Regular Season,2,19.0,107.0,119.0,40,Winnipeg Jets,WPG,200,163,28.0,0.475,2.825894304549876,2.825894304549876
4,2012 NHL Regular Season,2,24.0,129.0,140.0,47,Winnipeg Jets,WPG,182,187,22.0,0.5106382978723404,2.825894304549876,2.825894304549876
4,2013 NHL Regular Season,2,36.0,235.0,249.0,81,Winnipeg Jets,WPG,367,344,27.0,0.4444444444444444,2.825894304549876,2.825894304549876
4,2014 NHL Playoff,3,0.0,9.0,16.0,4,Winnipeg Jets,WPG,14,14,2.0,0.0,2.825894304549876,2.825894304549876
4,2014 NHL Regular Season,2,41.5,229.0,212.0,80,Winnipeg Jets,WPG,407,361,52.0,0.51875,2.825894304549876,2.825894304549876
4,2015 NHL Regular Season,2,35.0,216.0,235.0,80,Winnipeg Jets,WPG,353,327,41.0,0.4375,2.825894304549876,2.825894304549876
4,2016 NHL Regular Season,2,40.0,245.0,247.0,80,Winnipeg Jets,WPG,332,317,49.0,0.5,2.825894304549876,2.825894304549876
4,2017 NHL Playoff,3,8.0,49.0,41.0,16,Winnipeg Jets,WPG,54,62,12.0,0.5,2.825894304549876,2.825894304549876
4,2017 NHL Regular Season,2,51.0,274.0,214.0,80,Winnipeg Jets,WPG,307,304,69.0,0.6375,2.825894304549876,2.825894304549876
5,2010 NHL Playoff,3,4.0,21.0,20.0,8,Washington Capitals,WSH,37,34,9.0,0.5,2.825894304549876,2.825894304549876
5,2010 NHL Regular Season,2,46.0,219.0,201.0,81,Washington Capitals,WSH,360,329,69.0,0.5679012345679012,2.825894304549876,2.825894304549876
5,2011 NHL Playoff,3,7.0,29.0,30.0,14,Washington Capitals,WSH,53,46,7.0,0.5,2.825894304549876,2.825894304549876
5,2011 NHL Regular Season,2,21.0,115.0,110.0,37,Washington Capitals,WSH,159,153,35.0,0.5675675675675675,2.825894304549876,2.825894304549876
5,2012 NHL Playoff,3,3.0,12.0,16.0,7,Washington Capitals,WSH,33,20,3.0,0.42857142857142855,2.825894304549876,2.825894304549876
5,2012 NHL Regular Season,2,27.0,147.0,128.0,47,Washington Capitals,WSH,201,207,51.0,0.574468085106383,2.825894304549876,2.825894304549876
5,2013 NHL Regular Season,2,36.0,242.0,251.0,80,Washington Capitals,WSH,354,363,81.0,0.45,2.825894304549876,2.825894304549876
5,2014 NHL Playoff,3,7.0,28.0,28.0,14,Washington Capitals,WSH,43,42,3.0,0.5,2.825894304549876,2.825894304549876
5,2014 NHL Regular Season,2,45.0,251.0,209.0,81,Washington Capitals,WSH,351,328,75.0,0.5555555555555556,2.825894304549876,2.825894304549876
5,2015 NHL Playoff,3,6.0,28.0,22.0,12,Washington Capitals,WSH,54,66,22.0,0.5,2.825894304549876,2.825894304549876
5,2015 NHL Regular Season,2,54.5,245.0,186.0,78,Washington Capitals,WSH,304,303,67.0,0.6987179487179487,2.825894304549876,2.825894304549876
5,2016 NHL Playoff,3,6.0,32.0,34.0,12,Washington Capitals,WSH,52,49,10.0,0.5,2.825894304549876,2.825894304549876
5,2016 NHL Regular Season,2,54.5,265.0,186.0,81,Washington Capitals,WSH,329,306,67.0,0.6728395061728395,2.825894304549876,2.825894304549876
5,2017 NHL Playoff,3,16.0,86.0,61.0,24,Washington Capitals,WSH,95,97,22.0,0.6666666666666666,2.825894304549876,2.825894304549876
5,2017 NHL Regular Season,2,48.0,255.0,240.0,81,Washington Capitals,WSH,327,297,67.0,0.5925925925925926,2.825894304549876,2.825894304549876
6,2010 NHL Playoff,3,3.0,22.0,16.0,7,Chicago Blackhawks,CHI,27,39,6.0,0.42857142857142855,2.825894304549876,2.825894304549876
6,2010 NHL Regular Season,2,41.5,246.0,222.0,78,Chicago Blackhawks,CHI,296,310,93.0,0.532051282051282,2.825894304549876,2.825894304549876
6,2011 NHL Playoff,3,2.0,12.0,17.0,6,Chicago Blackhawks,CHI,24,23,1.0,0.3333333333333333,2.825894304549876,2.825894304549876
6,2011 NHL Regular Season,2,24.0,133.0,120.0,40,Chicago Blackhawks,CHI,158,177,36.0,0.6,2.825894304549876,2.825894304549876
6,2012 NHL Playoff,3,16.0,64.0,48.0,23,Chicago Blackhawks,CHI,96,90,9.0,0.6956521739130435,2.825894304549876,2.825894304549876
6,2012 NHL Regular Season,2,36.0,165.0,112.0,48,Chicago Blackhawks,CHI,185,192,38.0,0.75,2.825894304549876,2.825894304549876
6,2013 NHL Playoff,3,9.5,53.0,54.0,18,Chicago Blackhawks,CHI,70,62,12.0,0.5277777777777778,2.825894304549876,2.825894304549876
6,2013 NHL Regular Season,2,46.5,278.0,231.0,82,Chicago Blackhawks,CHI,290,305,73.0,0.5670731707317073,2.825894304549876,2.825894304549876
6,2014 NHL Playoff,3,16.0,69.0,60.0,23,Chicago Blackhawks,CHI,71,74,15.0,0.6956521739130435,2.825894304549876,2.825894304549876
6,2014 NHL Regular Season,2,46.5,232.0,189.0,80,Chicago Blackhawks,CHI,252,307,53.0,0.58125,2.825894304549876,2.825894304549876
6,2015 NHL Playoff,3,3.0,20.0,19.0,7,Chicago Blackhawks,CHI,26,26,6.0,0.42857142857142855,2.825894304549876,2.825894304549876
6,2015 NHL Regular Season,2,44.5,228.0,207.0,80,Chicago Blackhawks,CHI,267,297,61.0,0.55625,2.825894304549876,2.825894304549876
6,2016 NHL Playoff,3,0.0,3.0,13.0,4,Chicago Blackhawks,CHI,11,10,2.0,0.0,2.825894304549876,2.825894304549876
6,2016 NHL Regular Season,2,50.0,248.0,215.0,82,Chicago Blackhawks,CHI,251,269,46.0,0.6097560975609756,2.825894304549876,2.825894304549876
6,2017 NHL Regular Season,2,33.0,225.0,248.0,80,Chicago Blackhawks,CHI,268,303,49.0,0.4125,2.825894304549876,2.825894304549876
7,2010 NHL Regular Season,2,34.5,237.0,230.0,77,St. Louis Blues,STL,387,384,39.0,0.44805194805194803,2.825894304549876,2.825894304549876
7,2011 NHL Playoff,3,4.0,20.0,23.0,9,St. Louis Blues,STL,58,55,6.0,0.4444444444444444,2.825894304549876,2.825894304549876
7,2011 NHL Regular Season,2,23.0,104.0,90.0,40,St. Louis Blues,STL,186,181,26.0,0.575,2.825894304549876,2.825894304549876
7,2012 NHL Playoff,3,2.0,10.0,12.0,6,St. Louis Blues,STL,19,20,2.0,0.3333333333333333,2.825894304549876,2.825894304549876
7,2012 NHL Regular Season,2,29.0,137.0,121.0,48,St. Louis Blues,STL,211,209,29.0,0.6041666666666666,2.825894304549876,2.825894304549876
7,2013 NHL Playoff,3,2.0,14.0,20.0,6,St. Louis Blues,STL,25,32,2.0,0.3333333333333333,2.825894304549876,2.825894304549876
7,2013 NHL Regular Season,2,52.0,260.0,200.0,82,St. Louis Blues,STL,401,394,81.0,0.6341463414634146,2.825894304549876,2.825894304549876
7,2014 NHL Playoff,3,2.0,14.0,17.0,6,St. Louis Blues,STL,16,13,2.0,0.3333333333333333,2.825894304549876,2.825894304549876
7,2014 NHL Regular Season,2,49.0,243.0,199.0,79,St. Louis Blues,STL,347,332,63.0,0.620253164556962,2.825894304549876,2.825894304549876
7,2015 NHL Playoff,3,10.0,57.0,56.0,20,St. Louis Blues,STL,77,74,15.0,0.5,2.825894304549876,2.825894304549876
7,2015 NHL Regular Season,2,49.0,232.0,205.0,81,St. Louis Blues,STL,345,310,57.0,0.6049382716049383,2.825894304549876,2.825894304549876
7,2016 NHL Playoff,3,6.0,22.0,23.0,11,St. Louis Blues,STL,46,41,3.0,0.5454545454545454,2.825894304549876,2.825894304549876
7,2016 NHL Regular Season,2,46.0,236.0,217.0,81,St. Louis Blues,STL,311,289,56.0,0.5679012345679012,2.825894304549876,2.825894304549876
7,2017 NHL Regular Season,2,42.5,223.0,215.0,79,St. Louis Blues,STL,259,281,43.0,0.5379746835443038,2.825894304549876,2.825894304549876
8,2010 NHL Playoff,3,3.0,14.0,22.0,7,Pittsburgh Penguins,PIT,33,40,4.0,0.42857142857142855,2.825894304549876,2.825894304549876
8,2010 NHL Regular Season,2,49.0,242.0,195.0,81,Pittsburgh Penguins,PIT,457,444,62.0,0.6049382716049383,2.825894304549876,2.825894304549876
8,2011 NHL Playoff,3,2.0,26.0,30.0,6,Pittsburgh Penguins,PIT,38,46,21.0,0.3333333333333333,2.825894304549876,2.825894304549876
8,2011 NHL Regular Season,2,20.0,123.0,104.0,38,Pittsburgh Penguins,PIT,176,190,40.0,0.5263157894736842,2.825894304549876,2.825894304549876
8,2012 NHL Playoff,3,8.0,49.0,40.0,15,Pittsburgh Penguins,PIT,75,85,13.0,0.5333333333333333,2.825894304549876,2.825894304549876
8,2012 NHL Regular Season,2,35.5,165.0,121.0,48,Pittsburgh Penguins,PIT,222,226,57.0,0.7395833333333334,2.825894304549876,2.825894304549876
8,2013 NHL Playoff,3,7.0,35.0,33.0,13,Pittsburgh Penguins,PIT,62,60,10.0,0.5384615384615384,2.825894304549876,2.825894304549876
8,2013 NHL Regular Season,2,49.0,241.0,202.0,80,Pittsburgh Penguins,PIT,333,356,79.0,0.6125,2.825894304549876,2.825894304549876
8,2014 NHL Playoff,3,1.0,8.0,11.0,5,Pittsburgh Penguins,PIT,23,15,2.0,0.2,2.825894304549876,2.825894304549876
8,2014 NHL Regular Season,2,43.0,229.0,218.0,82,Pittsburgh Penguins,PIT,407,380,54.0,0.524390243902439,2.825894304549876,2.825894304549876
8,2015 NHL Playoff,3,16.0,73.0,54.0,24,Pittsburgh Penguins,PIT,84,94,6.0,0.6666666666666666,2.825894304549876,2.825894304549876
8,2015 NHL Regular Season,2,46.5,245.0,204.0,81,Pittsburgh Penguins,PIT,313,320,42.0,0.5740740740740741,2.825894304549876,2.825894304549876
8,2016 NHL Playoff,3,16.5,74.0,47.0,23,Pittsburgh Penguins,PIT,97,105,8.0,0.717391304347826,2.825894304549876,2.825894304549876
8,2016 NHL Regular Season,2,47.5,270.0,227.0,79,Pittsburgh Penguins,PIT,294,298,32.0,0.6012658227848101,2.825894304549876,2.825894304549876
8,2017 NHL Playoff,3,6.0,42.0,34.0,12,Pittsburgh Penguins,PIT,49,58,10.0,0.5,2.825894304549876,2.825894304549876
8,2017 NHL Regular Season,2,46.0,271.0,249.0,82,Pittsburgh Penguins,PIT,326,317,47.0,0.5609756097560976,2.825894304549876,2.825894304549876
10,2010 NHL Regular Season,2,25.0,194.0,267.0,80,Edmonton Oilers,EDM,425,404,63.0,0.3125,2.825894304549876,2.825894304549876
10,2011 NHL Regular Season,2,16.0,115.0,120.0,40,Edmonton Oilers,EDM,205,198,46.0,0.4,2.825894304549876,2.825894304549876
10,2012 NHL Regular Season,2,19.0,126.0,133.0,47,Edmonton Oilers,EDM,211,206,45.0,0.40425531914893614,2.825894304549876,2.825894304549876
10,2013 NHL Regular Season,2,27.5,201.0,269.0,80,Edmonton Oilers,EDM,370,365,54.0,0.34375,2.825894304549876,2.825894304549876
10,2014 NHL Regular Season,2,23.5,198.0,283.0,80,Edmonton Oilers,EDM,267,277,45.0,0.29375,2.825894304549876,2.825894304549876
10,2015 NHL Regular Season,2,30.0,203.0,245.0,80,Edmonton Oilers,EDM,314,298,47.0,0.375,2.825894304549876,2.825894304549876
10,2016 NHL Playoff,3,6.5,35.0,35.0,13,Edmonton Oilers,EDM,58,52,8.0,0.5,2.825894304549876,2.825894304549876
10,2016 NHL Regular Season,2,46.0,245.0,211.0,80,Edmonton Oilers,EDM,289,310,55.0,0.575,2.825894304549876,2.825894304549876
10,2017 NHL Regular Season,2,35.0,231.0,263.0,80,Edmonton Oilers,EDM,289,255,28.0,0.4375,2.825894304549876,2.825894304549876
11,2010 NHL Regular Season,2,40.5,250.0,241.0,80,Calgary Flames,CGY,343,374,90.0,0.50625,2.825894304549876,2.825894304549876
11,2011 NHL Regular Season,2,17.0,97.0,122.0,41,Calgary Flames,CGY,179,172,30.0,0.4146341463414634,2.825894304549876,2.825894304549876
11,2012 NHL Regular Season,2,19.0,130.0,161.0,48,Calgary Flames,CGY,194,194,21.0,0.3958333333333333,2.825894304549876,2.825894304549876
11,2013 NHL Regular Season,2,34.5,211.0,241.0,80,Calgary Flames,CGY,300,311,28.0,0.43125,2.825894304549876,2.825894304549876
11,2014 NHL Playoff,3,5.0,27.0,33.0,11,Calgary Flames,CGY,51,53,7.0,0.45454545454545453,2.825894304549876,2.825894304549876
11,2014 NHL Regular Season,2,42.5,236.0,217.0,80,Calgary Flames,CGY,247,311,58.0,0.53125,2.825894304549876,2.825894304549876
11,2015 NHL Regular Season,2,30.5,208.0,238.0,75,Calgary Flames,CGY,262,301,47.0,0.4066666666666667,2.825894304549876,2.825894304549876
11,2016 NHL Playoff,3,0.0,9.0,14.0,4,Calgary Flames,CGY,16,20,6.0,0.0,2.825894304549876,2.825894304549876
11,2016 NHL Regular Season,2,44.5,223.0,217.0,81,Calgary Flames,CGY,363,337,58.0,0.5493827160493827,2.825894304549876,2.825894304549876
11,2017 NHL Regular Season,2,37.0,223.0,255.0,82,Calgary Flames,CGY,353,350,47.0,0.45121951219512196,2.825894304549876,2.825894304549876
14,2010 NHL Playoff,3,4.0,29.0,36.0,11,Philadelphia Flyers,PHI,70,69,5.0,0.36363636363636365,2.825894304549876,2.825894304549876
14,2010 NHL Regular Season,2,44.0,252.0,222.0,77,Philadelphia Flyers,PHI,379,369,42.0,0.5714285714285714,2.825894304549876,2.825894304549876
14,2011 NHL Playoff,3,5.0,41.0,44.0,11,Philadelphia Flyers,PHI,68,58,11.0,0.45454545454545453,2.825894304549876,2.825894304549876
14,2011 NHL Regular Season,2,22.0,129.0,114.0,37,Philadelphia Flyers,PHI,223,230,22.0,0.5945945945945946,2.825894304549876,2.825894304549876
14,2012 NHL Regular Season,2,22.5,128.0,134.0,46,Philadelphia Flyers,PHI,250,239,27.0,0.4891304347826087,2.825894304549876,2.825894304549876
14,2013 NHL Playoff,3,3.0,16.0,19.0,7,Philadelphia Flyers,PHI,37,28,6.0,0.42857142857142855,2.825894304549876,2.825894304549876
14,2013 NHL Regular Season,2,42.0,239.0,238.0,81,Philadelphia Flyers,PHI,409,383,75.0,0.5185185185185185,2.825894304549876,2.825894304549876
14,2014 NHL Regular Season,2,32.0,219.0,242.0,81,Philadelphia Flyers,PHI,329,314,70.0,0.3950617283950617,2.825894304549876,2.825894304549876
14,2015 NHL Playoff,3,2.0,6.0,14.0,6,Philadelphia Flyers,PHI,38,32,1.0,0.3333333333333333,2.825894304549876,2.825894304549876
14,2015 NHL Regular Season,2,41.0,216.0,219.0,80,Philadelphia Flyers,PHI,351,368,59.0,0.5125,2.825894304549876,2.825894304549876
14,2016 NHL Regular Season,2,38.0,218.0,238.0,81,Philadelphia Flyers,PHI,317,348,65.0,0.4691358024691358,2.825894304549876,2.825894304549876
14,2017 NHL Playoff,3,2.0,15.0,28.0,6,Philadelphia Flyers,PHI,34,29,2.0,0.3333333333333333,2.825894304549876,2.825894304549876
14,2017 NHL Regular Season,2,42.0,251.0,244.0,81,Philadelphia Flyers,PHI,280,321,59.0,0.5185185185185185,2.825894304549876,2.825894304549876
16,2010 NHL Playoff,3,9.0,50.0,55.0,17,San Jose Sharks,SJS,93,88,17.0,0.5294117647058824,2.825894304549876,2.825894304549876
16,2010 NHL Regular Season,2,46.5,245.0,214.0,81,San Jose Sharks,SJS,348,363,86.0,0.5740740740740741,2.825894304549876,2.825894304549876
16,2011 NHL Playoff,3,1.0,8.0,14.0,5,San Jose Sharks,SJS,28,29,2.0,0.2,2.825894304549876,2.825894304549876
16,2011 NHL Regular Season,2,22.0,111.0,91.0,37,San Jose Sharks,SJS,151,170,37.0,0.5945945945945946,2.825894304549876,2.825894304549876
16,2012 NHL Playoff,3,7.0,25.0,22.0,11,San Jose Sharks,SJS,35,56,11.0,0.6363636363636364,2.825894304549876,2.825894304549876
16,2012 NHL Regular Season,2,25.0,129.0,121.0,48,San Jose Sharks,SJS,194,214,41.0,0.5208333333333334,2.825894304549876,2.825894304549876
16,2013 NHL Playoff,3,3.0,22.0,26.0,7,San Jose Sharks,SJS,43,48,4.0,0.42857142857142855,2.825894304549876,2.825894304549876
16,2013 NHL Regular Season,2,51.0,260.0,209.0,82,San Jose Sharks,SJS,286,358,59.0,0.6219512195121951,2.825894304549876,2.825894304549876
16,2014 NHL Regular Season,2,39.0,230.0,238.0,81,San Jose Sharks,SJS,299,326,61.0,0.48148148148148145,2.825894304549876,2.825894304549876
16,2015 NHL Playoff,3,14.0,75.0,56.0,24,San Jose Sharks,SJS,75,90,29.0,0.5833333333333334,2.825894304549876,2.825894304549876
16,2015 NHL Regular Season,2,45.0,244.0,214.0,81,San Jose Sharks,SJS,289,338,68.0,0.5555555555555556,2.825894304549876,2.825894304549876
16,2016 NHL Playoff,3,2.5,14.0,11.0,6,San Jose Sharks,SJS,17,27,7.0,0.4166666666666667,2.825894304549876,2.825894304549876
16,2016 NHL Regular Season,2,44.5,212.0,190.0,79,San Jose Sharks,SJS,253,280,44.0,0.5632911392405063,2.825894304549876,2.825894304549876
16,2017 NHL Playoff,3,6.0,30.0,26.0,10,San Jose Sharks,SJS,51,57,11.0,0.6,2.825894304549876,2.825894304549876
16,2017 NHL Regular Season,2,43.0,257.0,235.0,80,San Jose Sharks,SJS,262,287,55.0,0.5375,2.825894304549876,2.825894304549876
17,2010 NHL Playoff,3,3.0,17.0,22.0,7,Buffalo Sabres,BUF,48,46,13.0,0.42857142857142855,2.825894304549876,2.825894304549876
17,2010 NHL Regular Season,2,43.0,251.0,235.0,82,Buffalo Sabres,BUF,393,364,83.0,0.524390243902439,2.825894304549876,2.825894304549876
17,2011 NHL Regular Season,2,17.0,106.0,123.0,39,Buffalo Sabres,BUF,190,193,32.0,0.4358974358974359,2.825894304549876,2.825894304549876
17,2012 NHL Regular Season,2,21.0,130.0,149.0,48,Buffalo Sabres,BUF,238,227,31.0,0.4375,2.825894304549876,2.825894304549876
17,2013 NHL Regular Season,2,21.0,166.0,254.0,80,Buffalo Sabres,BUF,332,318,40.0,0.2625,2.825894304549876,2.825894304549876
17,2014 NHL Regular Season,2,23.0,166.0,277.0,81,Buffalo Sabres,BUF,325,293,36.0,0.2839506172839506,2.825894304549876,2.825894304549876
17,2015 NHL Regular Season,2,35.5,201.0,220.0,81,Buffalo Sabres,BUF,278,316,15.0,0.4382716049382716,2.825894304549876,2.825894304549876
17,2016 NHL Regular Season,2,32.5,200.0,237.0,81,Buffalo Sabres,BUF,286,288,23.0,0.4012345679012346,2.825894304549876,2.825894304549876
17,2017 NHL Regular Season,2,26.0,182.0,247.0,76,Buffalo Sabres,BUF,257,278,16.0,0.34210526315789475,2.825894304549876,2.825894304549876
18,2010 NHL Playoff,3,7.0,36.0,27.0,11,Detroit Red Wings,DET,59,55,6.0,0.6363636363636364,2.825894304549876,2.825894304549876
18,2010 NHL Regular Season,2,45.5,255.0,235.0,80,Detroit Red Wings,DET,325,339,70.0,0.56875,2.825894304549876,2.825894304549876
18,2011 NHL Playoff,3,1.0,9.0,13.0,5,Detroit Red Wings,DET,26,28,4.0,0.2,2.825894304549876,2.825894304549876
18,2011 NHL Regular Season,2,25.0,128.0,89.0,39,Detroit Red Wings,DET,160,168,30.0,0.6410256410256411,2.825894304549876,2.825894304549876
18,2012 NHL Playoff,3,7.0,33.0,37.0,14,Detroit Red Wings,DET,62,63,7.0,0.5,2.825894304549876,2.825894304549876
18,2012 NHL Regular Season,2,22.0,117.0,113.0,46,Detroit Red Wings,DET,179,206,38.0,0.4782608695652174,2.825894304549876,2.825894304549876
18,2013 NHL Playoff,3,1.0,6.0,14.0,5,Detroit Red Wings,DET,20,23,2.0,0.2,2.825894304549876,2.825894304549876
18,2013 NHL Regular Season,2,38.0,225.0,231.0,80,Detroit Red Wings,DET,326,311,65.0,0.475,2.825894304549876,2.825894304549876
18,2014 NHL Playoff,3,3.0,15.0,17.0,7,Detroit Red Wings,DET,38,39,9.0,0.42857142857142855,2.825894304549876,2.825894304549876
18,2014 NHL Regular Season,2,42.0,244.0,233.0,81,Detroit Red Wings,DET,337,344,73.0,0.5185185185185185,2.825894304549876,2.825894304549876
18,2015 NHL Playoff,3,1.0,8.0,12.0,5,Detroit Red Wings,DET,35,37,3.0,0.2,2.825894304549876,2.825894304549876
18,2015 NHL Regular Season,2,40.0,209.0,220.0,79,Detroit Red Wings,DET,324,318,59.0,0.5063291139240507,2.825894304549876,2.825894304549876
18,2016 NHL Regular Season,2,33.0,213.0,250.0,82,Detroit Red Wings,DET,302,322,46.0,0.4024390243902439,2.825894304549876,2.825894304549876
18,2017 NHL Regular Season,2,29.0,212.0,249.0,79,Detroit Red Wings,DET,293,278,48.0,0.3670886075949367,2.825894304549876,2.825894304549876
19,2010 NHL Playoff,3,6.0,33.0,33.0,12,Nashville Predators,NSH,49,60,7.0,0.5,2.825894304549876,2.825894304549876
19,2010 NHL Regular Season,2,44.0,215.0,189.0,80,Nashville Predators,NSH,315,308,53.0,0.55,2.825894304549876,2.825894304549876
19,2011 NHL Playoff,3,5.0,22.0,21.0,10,Nashville Predators,NSH,43,48,7.0,0.5,2.825894304549876,2.825894304549876
19,2011 NHL Regular Season,2,21.0,106.0,113.0,40,Nashville Predators,NSH,170,164,37.0,0.525,2.825894304549876,2.825894304549876
19,2012 NHL Regular Season,2,16.0,117.0,145.0,47,Nashville Predators,NSH,178,177,33.0,0.3404255319148936,2.825894304549876,2.825894304549876
19,2013 NHL Regular Season,2,38.0,221.0,248.0,81,Nashville Predators,NSH,305,310,61.0,0.4691358024691358,2.825894304549876,2.825894304549876
19,2014 NHL Playoff,3,2.0,21.0,19.0,6,Nashville Predators,NSH,24,28,6.0,0.3333333333333333,2.825894304549876,2.825894304549876
19,2014 NHL Regular Season,2,46.0,235.0,216.0,81,Nashville Predators,NSH,287,312,45.0,0.5679012345679012,2.825894304549876,2.825894304549876
19,2015 NHL Playoff,3,7.0,31.0,43.0,14,Nashville Predators,NSH,57,53,4.0,0.5,2.825894304549876,2.825894304549876
19,2015 NHL Regular Season,2,40.5,222.0,208.0,79,Nashville Predators,NSH,305,310,59.0,0.5126582278481012,2.825894304549876,2.825894304549876
19,2016 NHL Playoff,3,13.0,58.0,47.0,21,Nashville Predators,NSH,88,92,19.0,0.6190476190476191,2.825894304549876,2.825894304549876
19,2016 NHL Regular Season,2,40.0,234.0,224.0,81,Nashville Predators,NSH,317,333,50.0,0.49382716049382713,2.825894304549876,2.825894304549876
19,2017 NHL Playoff,3,7.0,41.0,42.0,13,Nashville Predators,NSH,52,53,8.0,0.5384615384615384,2.825894304549876,2.825894304549876
19,2017 NHL Regular Season,2,52.0,268.0,215.0,81,Nashville Predators,NSH,365,334,58.0,0.6419753086419753,2.825894304549876,2.825894304549876
20,2010 NHL Playoff,3,16.0,76.0,48.0,24,Boston Bruins,BOS,126,116,22.0,0.6666666666666666,2.825894304549876,2.825894304549876
20,2010 NHL Regular Season,2,46.0,250.0,200.0,82,Boston Bruins,BOS,368,370,74.0,0.5609756097560976,2.825894304549876,2.825894304549876
20,2011 NHL Playoff,3,3.0,15.0,16.0,7,Boston Bruins,BOS,25,29,2.0,0.42857142857142855,2.825894304549876,2.825894304549876
20,2011 NHL Regular Season,2,25.0,136.0,69.0,36,Boston Bruins,BOS,190,181,36.0,0.6944444444444444,2.825894304549876,2.825894304549876
20,2012 NHL Playoff,3,14.0,65.0,47.0,22,Boston Bruins,BOS,97,92,23.0,0.6363636363636364,2.825894304549876,2.825894304549876
20,2012 NHL Regular Season,2,27.0,131.0,111.0,47,Boston Bruins,BOS,213,168,25.0,0.574468085106383,2.825894304549876,2.825894304549876
20,2013 NHL Playoff,3,7.0,30.0,26.0,12,Boston Bruins,BOS,57,47,9.0,0.5833333333333334,2.825894304549876,2.825894304549876
20,2013 NHL Regular Season,2,54.0,265.0,181.0,82,Boston Bruins,BOS,341,309,69.0,0.6585365853658537,2.825894304549876,2.825894304549876
20,2014 NHL Regular Season,2,41.0,217.0,212.0,81,Boston Bruins,BOS,308,279,48.0,0.5061728395061729,2.825894304549876,2.825894304549876
20,2015 NHL Regular Season,2,40.0,230.0,222.0,79,Boston Bruins,BOS,340,300,60.0,0.5063291139240507,2.825894304549876,2.825894304549876
20,2016 NHL Playoff,3,2.0,13.0,15.0,6,Boston Bruins,BOS,27,21,3.0,0.3333333333333333,2.825894304549876,2.825894304549876
20,2016 NHL Regular Season,2,44.5,238.0,215.0,82,Boston Bruins,BOS,343,323,62.0,0.5426829268292683,2.825894304549876,2.825894304549876
20,2017 NHL Playoff,3,5.0,41.0,37.0,12,Boston Bruins,BOS,45,45,12.0,0.4166666666666667,2.825894304549876,2.825894304549876
20,2017 NHL Regular Season,2,51.0,274.0,217.0,82,Boston Bruins,BOS,308,319,72.0,0.6219512195121951,2.825894304549876,2.825894304549876
21,2010 NHL Playoff,3,2.0,19.0,22.0,6,Anaheim Ducks,ANA,35,27,9.0,0.3333333333333333,2.825894304549876,2.825894304549876
21,2010 NHL Regular Season,2,43.5,227.0,225.0,78,Anaheim Ducks,ANA,401,378,92.0,0.5576923076923077,2.825894304549876,2.825894304549876
21,2011 NHL Regular Season,2,11.0,96.0,133.0,39,Anaheim Ducks,ANA,203,176,29.0,0.28205128205128205,2.825894304549876,2.825894304549876
21,2012 NHL Playoff,3,3.0,21.0,18.0,7,Anaheim Ducks,ANA,28,28,10.0,0.42857142857142855,2.825894304549876,2.825894304549876
21,2012 NHL Regular Season,2,30.0,149.0,125.0,48,Anaheim Ducks,ANA,196,173,38.0,0.625,2.825894304549876,2.825894304549876
21,2013 NHL Playoff,3,7.0,35.0,37.0,13,Anaheim Ducks,ANA,78,69,12.0,0.5384615384615384,2.825894304549876,2.825894304549876
21,2013 NHL Regular Season,2,53.0,272.0,217.0,81,Anaheim Ducks,ANA,353,363,67.0,0.654320987654321,2.825894304549876,2.825894304549876
21,2014 NHL Playoff,3,11.0,57.0,42.0,16,Anaheim Ducks,ANA,65,56,12.0,0.6875,2.825894304549876,2.825894304549876
21,2014 NHL Regular Season,2,50.5,241.0,225.0,80,Anaheim Ducks,ANA,339,306,39.0,0.63125,2.825894304549876,2.825894304549876
21,2015 NHL Playoff,3,3.0,18.0,14.0,7,Anaheim Ducks,ANA,29,28,4.0,0.42857142857142855,2.825894304549876,2.825894304549876
21,2015 NHL Regular Season,2,46.0,222.0,193.0,81,Anaheim Ducks,ANA,379,340,58.0,0.5679012345679012,2.825894304549876,2.825894304549876
21,2016 NHL Playoff,3,10.0,49.0,50.0,16,Anaheim Ducks,ANA,78,66,10.0,0.625,2.825894304549876,2.825894304549876
21,2016 NHL Regular Season,2,46.0,233.0,210.0,82,Anaheim Ducks,ANA,367,337,51.0,0.5609756097560976,2.825894304549876,2.825894304549876
21,2017 NHL Playoff,3,0.0,4.0,16.0,4,Anaheim Ducks,ANA,24,15,2.0,0.0,2.825894304549876,2.825894304549876
21,2017 NHL Regular Season,2,43.0,234.0,213.0,78,Anaheim Ducks,ANA,317,260,39.0,0.5512820512820513,2.825894304549876,2.825894304549876
22,2010 NHL Regular Season,2,30.5,218.0,272.0,79,Colorado Avalanche,COL,390,338,61.0,0.3860759493670886,2.825894304549876,2.825894304549876
22,2011 NHL Regular Season,2,23.5,117.0,110.0,41,Colorado Avalanche,COL,184,166,16.0,0.573170731707317,2.825894304549876,2.825894304549876
22,2012 NHL Regular Season,2,17.0,119.0,153.0,48,Colorado Avalanche,COL,228,182,15.0,0.3541666666666667,2.825894304549876,2.825894304549876
22,2013 NHL Playoff,3,3.0,20.0,22.0,7,Colorado Avalanche,COL,34,35,1.0,0.42857142857142855,2.825894304549876,2.825894304549876
22,2013 NHL Regular Season,2,52.0,249.0,209.0,80,Colorado Avalanche,COL,314,315,23.0,0.65,2.825894304549876,2.825894304549876
22,2014 NHL Regular Season,2,40.5,232.0,229.0,81,Colorado Avalanche,COL,295,309,15.0,0.5,2.825894304549876,2.825894304549876
22,2015 NHL Regular Season,2,38.5,215.0,238.0,81,Colorado Avalanche,COL,305,313,51.0,0.47530864197530864,2.825894304549876,2.825894304549876
22,2016 NHL Regular Season,2,22.0,165.0,275.0,81,Colorado Avalanche,COL,327,290,36.0,0.2716049382716049,2.825894304549876,2.825894304549876
22,2017 NHL Playoff,3,2.0,15.0,22.0,6,Colorado Avalanche,COL,31,29,2.0,0.3333333333333333,2.825894304549876,2.825894304549876
22,2017 NHL Regular Season,2,42.0,251.0,228.0,80,Colorado Avalanche,COL,305,330,67.0,0.525,2.825894304549876,2.825894304549876
25,2010 NHL Playoff,3,9.0,50.0,39.0,16,Tampa Bay Lightning,TBL,80,71,10.0,0.5625,2.825894304549876,2.825894304549876
25,2010 NHL Regular Season,2,44.0,245.0,243.0,81,Tampa Bay Lightning,TBL,375,397,43.0,0.5432098765432098,2.825894304549876,2.825894304549876
25,2011 NHL Regular Season,2,16.0,101.0,126.0,37,Tampa Bay Lightning,TBL,185,165,12.0,0.43243243243243246,2.825894304549876,2.825894304549876
25,2012 NHL Regular Season,2,17.0,138.0,141.0,46,Tampa Bay Lightning,TBL,204,215,10.0,0.3695652173913043,2.825894304549876,2.825894304549876
25,2013 NHL Playoff,3,0.0,10.0,16.0,4,Tampa Bay Lightning,TBL,17,13,2.0,0.0,2.825894304549876,2.825894304549876
25,2013 NHL Regular Season,2,46.5,244.0,218.0,81,Tampa Bay Lightning,TBL,332,335,40.0,0.5740740740740741,2.825894304549876,2.825894304549876
25,2014 NHL Playoff,3,13.0,59.0,60.0,25,Tampa Bay Lightning,TBL,106,104,16.0,0.52,2.825894304549876,2.825894304549876
25,2014 NHL Regular Season,2,48.0,256.0,211.0,80,Tampa Bay Lightning,TBL,318,349,56.0,0.6,2.825894304549876,2.825894304549876
25,2015 NHL Playoff,3,11.0,48.0,40.0,17,Tampa Bay Lightning,TBL,91,81,19.0,0.6470588235294118,2.825894304549876,2.825894304549876
25,2015 NHL Regular Season,2,43.5,223.0,202.0,80,Tampa Bay Lightning,TBL,329,346,45.0,0.54375,2.825894304549876,2.825894304549876
25,2016 NHL Regular Season,2,42.0,240.0,233.0,82,Tampa Bay Lightning,TBL,353,358,69.0,0.5121951219512195,2.825894304549876,2.825894304549876
25,2017 NHL Playoff,3,11.0,50.0,48.0,17,Tampa Bay Lightning,TBL,67,73,18.0,0.6470588235294118,2.825894304549876,2.825894304549876
25,2017 NHL Regular Season,2,54.0,293.0,226.0,80,Tampa Bay Lightning,TBL,319,322,72.0,0.675,2.825894304549876,2.825894304549876
28,2010 NHL Playoff,3,1.0,8.0,13.0,5,New York Rangers,NYR,20,23,1.0,0.2,2.825894304549876,2.825894304549876
28,2010 NHL Regular Season,2,43.0,233.0,197.0,80,New York Rangers,NYR,362,398,71.0,0.5375,2.825894304549876,2.825894304549876
28,2011 NHL Playoff,3,10.0,43.0,41.0,20,New York Rangers,NYR,83,88,14.0,0.5,2.825894304549876,2.825894304549876
28,2011 NHL Regular Season,2,26.0,117.0,83.0,39,New York Rangers,NYR,195,205,32.0,0.6666666666666666,2.825894304549876,2.825894304549876
28,2012 NHL Playoff,3,5.0,26.0,28.0,12,New York Rangers,NYR,38,55,5.0,0.4166666666666667,2.825894304549876,2.825894304549876
28,2012 NHL Regular Season,2,26.0,134.0,113.0,47,New York Rangers,NYR,181,184,43.0,0.5531914893617021,2.825894304549876,2.825894304549876
28,2013 NHL Playoff,3,13.0,64.0,60.0,25,New York Rangers,NYR,107,131,13.0,0.52,2.825894304549876,2.825894304549876
28,2013 NHL Regular Season,2,44.0,220.0,199.0,81,New York Rangers,NYR,318,353,64.0,0.5432098765432098,2.825894304549876,2.825894304549876
28,2014 NHL Playoff,3,11.0,43.0,35.0,18,New York Rangers,NYR,57,74,15.0,0.6111111111111112,2.825894304549876,2.825894304549876
28,2014 NHL Regular Season,2,53.0,255.0,195.0,81,New York Rangers,NYR,291,282,55.0,0.654320987654321,2.825894304549876,2.825894304549876
28,2015 NHL Playoff,3,1.0,10.0,21.0,5,New York Rangers,NYR,26,23,4.0,0.2,2.825894304549876,2.825894304549876
28,2015 NHL Regular Season,2,45.0,231.0,212.0,80,New York Rangers,NYR,296,275,57.0,0.5625,2.825894304549876,2.825894304549876
28,2016 NHL Playoff,3,6.0,34.0,30.0,12,New York Rangers,NYR,54,59,3.0,0.5,2.825894304549876,2.825894304549876
28,2016 NHL Regular Season,2,48.0,258.0,221.0,81,New York Rangers,NYR,264,286,55.0,0.5925925925925926,2.825894304549876,2.825894304549876
28,2017 NHL Regular Season,2,33.0,234.0,268.0,80,New York Rangers,NYR,285,278,55.0,0.4125,2.825894304549876,2.825894304549876
29,2010 NHL Regular Season,2,37.5,172.0,199.0,80,New Jersey Devils,NJD,281,279,53.0,0.46875,2.825894304549876,2.825894304549876
29,2011 NHL Playoff,3,14.0,59.0,58.0,24,New Jersey Devils,NJD,98,103,20.0,0.5833333333333334,2.825894304549876,2.825894304549876
29,2011 NHL Regular Season,2,20.0,107.0,104.0,36,New Jersey Devils,NJD,148,154,28.0,0.5555555555555556,2.825894304549876,2.825894304549876
29,2012 NHL Regular Season,2,18.0,108.0,126.0,46,New Jersey Devils,NJD,201,213,30.0,0.391304347826087,2.825894304549876,2.825894304549876
29,2013 NHL Regular Season,2,33.0,191.0,206.0,77,New Jersey Devils,NJD,277,245,48.0,0.42857142857142855,2.825894304549876,2.825894304549876
29,2014 NHL Regular Season,2,32.0,187.0,221.0,82,New Jersey Devils,NJD,322,272,25.0,0.3902439024390244,2.825894304549876,2.825894304549876
29,2015 NHL Regular Season,2,38.0,189.0,211.0,81,New Jersey Devils,NJD,325,316,43.0,0.4691358024691358,2.825894304549876,2.825894304549876
29,2016 NHL Regular Season,2,28.0,186.0,245.0,82,New Jersey Devils,NJD,328,318,53.0,0.34146341463414637,2.825894304549876,2.825894304549876
29,2017 NHL Playoff,3,1.0,12.0,18.0,5,New Jersey Devils,NJD,24,24,3.0,0.2,2.825894304549876,2.825894304549876
29,2017 NHL Regular Season,2,42.5,240.0,242.0,80,New Jersey Devils,NJD,294,289,52.0,0.53125,2.825894304549876,2.825894304549876
32,2010 NHL Regular Season,2,31.0,188.0,251.0,81,Ottawa Senators,OTT,394,352,64.0,0.38271604938271603,2.825894304549876,2.825894304549876
32,2011 NHL Playoff,3,3.0,13.0,14.0,7,Ottawa Senators,OTT,41,33,4.0,0.42857142857142855,2.825894304549876,2.825894304549876
32,2011 NHL Regular Season,2,21.0,128.0,131.0,39,Ottawa Senators,OTT,208,175,36.0,0.5384615384615384,2.825894304549876,2.825894304549876
32,2012 NHL Playoff,3,5.0,31.0,31.0,10,Ottawa Senators,OTT,65,66,8.0,0.5,2.825894304549876,2.825894304549876
32,2012 NHL Regular Season,2,24.0,117.0,108.0,47,Ottawa Senators,OTT,225,215,34.0,0.5106382978723404,2.825894304549876,2.825894304549876
32,2013 NHL Regular Season,2,35.5,238.0,271.0,81,Ottawa Senators,OTT,423,372,65.0,0.4382716049382716,2.825894304549876,2.825894304549876
32,2014 NHL Playoff,3,2.0,12.0,12.0,6,Ottawa Senators,OTT,26,24,5.0,0.3333333333333333,2.825894304549876,2.825894304549876
32,2014 NHL Regular Season,2,42.0,243.0,222.0,81,Ottawa Senators,OTT,334,355,55.0,0.5185185185185185,2.825894304549876,2.825894304549876
32,2015 NHL Regular Season,2,37.0,239.0,254.0,81,Ottawa Senators,OTT,335,324,51.0,0.4567901234567901,2.825894304549876,2.825894304549876
32,2016 NHL Playoff,3,9.5,41.0,49.0,18,Ottawa Senators,OTT,81,81,11.0,0.5277777777777778,2.825894304549876,2.825894304549876
32,2016 NHL Regular Season,2,43.0,203.0,207.0,80,Ottawa Senators,OTT,334,343,51.0,0.5375,2.825894304549876,2.825894304549876
32,2017 NHL Regular Season,2,25.5,220.0,295.0,80,Ottawa Senators,OTT,276,287,46.0,0.31875,2.825894304549876,2.825894304549876
35,2010 NHL Regular Season,2,38.0,208.0,237.0,80,Minnesota Wild,MIN,375,359,72.0,0.475,2.825894304549876,2.825894304549876
35,2011 NHL Regular Season,2,21.0,100.0,106.0,41,Minnesota Wild,MIN,182,187,31.0,0.5121951219512195,2.825894304549876,2.825894304549876
35,2012 NHL Playoff,3,1.0,7.0,17.0,5,Minnesota Wild,MIN,17,20,,0.2,2.825894304549876,2.825894304549876
35,2012 NHL Regular Season,2,24.0,118.0,124.0,45,Minnesota Wild,MIN,170,186,40.0,0.5333333333333333,2.825894304549876,2.825894304549876
35,2013 NHL Playoff,3,6.5,34.0,30.0,12,Minnesota Wild,MIN,46,51,13.0,0.5416666666666666,2.825894304549876,2.825894304549876
35,2013 NHL Regular Season,2,43.0,216.0,215.0,82,Minnesota Wild,MIN,320,322,61.0,0.524390243902439,2.825894304549876,2.825894304549876
35,2014 NHL Playoff,3,4.0,24.0,27.0,10,Minnesota Wild,MIN,19,27,7.0,0.4,2.825894304549876,2.825894304549876
35,2014 NHL Regular Season,2,46.5,237.0,207.0,82,Minnesota Wild,MIN,297,313,53.0,0.5670731707317073,2.825894304549876,2.825894304549876
35,2015 NHL Playoff,3,2.0,17.0,21.0,6,Minnesota Wild,MIN,23,19,4.0,0.3333333333333333,2.825894304549876,2.825894304549876
35,2015 NHL Regular Season,2,38.0,215.0,202.0,80,Minnesota Wild,MIN,245,298,56.0,0.475,2.825894304549876,2.825894304549876
35,2016 NHL Playoff,3,1.0,8.0,11.0,5,Minnesota Wild,MIN,19,22,3.0,0.2,2.825894304549876,2.825894304549876
35,2016 NHL Regular Season,2,49.0,271.0,213.0,82,Minnesota Wild,MIN,275,282,50.0,0.5975609756097561,2.825894304549876,2.825894304549876
35,2017 NHL Playoff,3,1.0,8.0,12.0,4,Minnesota Wild,MIN,18,17,2.0,0.25,2.825894304549876,2.825894304549876
35,2017 NHL Regular Season,2,43.0,248.0,230.0,79,Minnesota Wild,MIN,300,270,51.0,0.5443037974683544,2.825894304549876,2.825894304549876
41,2010 NHL Playoff,3,1.0,17.0,19.0,5,Los Angeles Kings,LAK,24,27,5.0,0.2,2.825894304549876,2.825894304549876
41,2010 NHL Regular Season,2,46.0,223.0,202.0,81,Los Angeles Kings,LAK,354,366,77.0,0.5679012345679012,2.825894304549876,2.825894304549876
41,2011 NHL Playoff,3,16.0,57.0,30.0,20,Los Angeles Kings,LAK,97,116,13.0,0.8,2.825894304549876,2.825894304549876
41,2011 NHL Regular Season,2,20.0,90.0,96.0,41,Los Angeles Kings,LAK,193,195,24.0,0.4878048780487805,2.825894304549876,2.825894304549876
41,2012 NHL Playoff,3,9.0,37.0,34.0,18,Los Angeles Kings,LAK,64,59,9.0,0.5,2.825894304549876,2.825894304549876
41,2012 NHL Regular Season,2,27.0,140.0,126.0,48,Los Angeles Kings,LAK,201,206,44.0,0.5625,2.825894304549876,2.825894304549876
41,2013 NHL Playoff,3,16.0,88.0,70.0,26,Los Angeles Kings,LAK,127,114,22.0,0.6153846153846154,2.825894304549876,2.825894304549876
41,2013 NHL Regular Season,2,45.0,207.0,175.0,80,Los Angeles Kings,LAK,361,355,59.0,0.5625,2.825894304549876,2.825894304549876
41,2014 NHL Regular Season,2,39.5,219.0,202.0,80,Los Angeles Kings,LAK,301,306,54.0,0.49375,2.825894304549876,2.825894304549876
41,2015 NHL Playoff,3,1.0,11.0,16.0,5,Los Angeles Kings,LAK,22,15,3.0,0.2,2.825894304549876,2.825894304549876
41,2015 NHL Regular Season,2,47.5,225.0,196.0,81,Los Angeles Kings,LAK,345,298,49.0,0.5864197530864198,2.825894304549876,2.825894304549876
41,2016 NHL Regular Season,2,37.5,197.0,204.0,80,Los Angeles Kings,LAK,292,293,52.0,0.46875,2.825894304549876,2.825894304549876
41,2017 NHL Playoff,3,0.0,3.0,7.0,4,Los Angeles Kings,LAK,13,14,1.0,0.0,2.825894304549876,2.825894304549876
41,2017 NHL Regular Season,2,45.0,242.0,205.0,82,Los Angeles Kings,LAK,313,289,53.0,0.5487804878048781,2.825894304549876,2.825894304549876
43,2014 NHL Regular Season,2,23.0,169.0,274.0,81,Arizona Coyotes,ARI,330,288,52.0,0.2839506172839506,2.825894304549876,2.825894304549876
43,2015 NHL Regular Season,2,35.0,204.0,235.0,80,Arizona Coyotes,ARI,378,364,55.0,0.4375,2.825894304549876,2.825894304549876
43,2016 NHL Regular Season,2,29.5,191.0,245.0,78,Arizona Coyotes,ARI,321,284,27.0,0.3782051282051282,2.825894304549876,2.825894304549876
43,2017 NHL Regular Season,2,28.0,204.0,251.0,79,Arizona Coyotes,ARI,263,291,47.0,0.35443037974683544,2.825894304549876,2.825894304549876
45,2010 NHL Regular Season,2,30.0,198.0,232.0,81,Florida Panthers,FLA,304,306,48.0,0.37037037037037035,2.825894304549876,2.825894304549876
45,2011 NHL Playoff,3,3.0,17.0,18.0,7,Florida Panthers,FLA,32,33,9.0,0.42857142857142855,2.825894304549876,2.825894304549876
45,2011 NHL Regular Season,2,20.0,108.0,118.0,41,Florida Panthers,FLA,167,196,35.0,0.4878048780487805,2.825894304549876,2.825894304549876
45,2012 NHL Regular Season,2,14.0,110.0,172.0,47,Florida Panthers,FLA,190,186,43.0,0.2978723404255319,2.825894304549876,2.825894304549876
45,2013 NHL Regular Season,2,28.0,199.0,273.0,80,Florida Panthers,FLA,320,323,39.0,0.35,2.825894304549876,2.825894304549876
45,2014 NHL Regular Season,2,36.5,212.0,236.0,81,Florida Panthers,FLA,320,315,42.0,0.4506172839506173,2.825894304549876,2.825894304549876
45,2015 NHL Playoff,3,2.0,14.0,15.0,6,Florida Panthers,FLA,24,16,2.0,0.3333333333333333,2.825894304549876,2.825894304549876
45,2015 NHL Regular Season,2,44.5,240.0,205.0,79,Florida Panthers,FLA,338,343,58.0,0.5632911392405063,2.825894304549876,2.825894304549876
45,2016 NHL Regular Season,2,32.5,206.0,232.0,79,Florida Panthers,FLA,327,340,46.0,0.41139240506329117,2.825894304549876,2.825894304549876
45,2017 NHL Regular Season,2,40.5,237.0,240.0,78,Florida Panthers,FLA,307,328,55.0,0.5192307692307693,2.825894304549876,2.825894304549876
46,2010 NHL Regular Season,2,42.5,237.0,234.0,81,Dallas Stars,DAL,382,416,72.0,0.5246913580246914,2.825894304549876,2.825894304549876
46,2011 NHL Regular Season,2,19.5,104.0,112.0,37,Dallas Stars,DAL,195,175,24.0,0.527027027027027,2.825894304549876,2.825894304549876
46,2012 NHL Regular Season,2,22.0,131.0,144.0,48,Dallas Stars,DAL,234,227,37.0,0.4583333333333333,2.825894304549876,2.825894304549876
46,2013 NHL Playoff,3,2.0,18.0,20.0,6,Dallas Stars,DAL,40,48,3.0,0.3333333333333333,2.825894304549876,2.825894304549876
46,2013 NHL Regular Season,2,40.0,238.0,232.0,82,Dallas Stars,DAL,350,369,58.0,0.4878048780487805,2.825894304549876,2.825894304549876
46,2014 NHL Regular Season,2,38.0,251.0,250.0,77,Dallas Stars,DAL,302,331,58.0,0.4935064935064935,2.825894304549876,2.825894304549876
46,2015 NHL Playoff,3,7.0,35.0,42.0,13,Dallas Stars,DAL,46,48,6.0,0.5384615384615384,2.825894304549876,2.825894304549876
46,2015 NHL Regular Season,2,48.0,264.0,235.0,80,Dallas Stars,DAL,301,308,66.0,0.6,2.825894304549876,2.825894304549876
46,2016 NHL Regular Season,2,33.5,225.0,265.0,82,Dallas Stars,DAL,312,320,56.0,0.40853658536585363,2.825894304549876,2.825894304549876
46,2017 NHL Regular Season,2,39.0,226.0,223.0,79,Dallas Stars,DAL,323,304,56.0,0.4936708860759494,2.825894304549876,2.825894304549876
50,2010 NHL Playoff,3,0.0,9.0,18.0,4,Phoenix Coyotes,PHX,19,22,6.0,0.0,2.825894304549876,2.825894304549876
50,2010 NHL Regular Season,2,42.0,230.0,225.0,79,Phoenix Coyotes,PHX,350,339,71.0,0.5316455696202531,2.825894304549876,2.825894304549876
50,2011 NHL Playoff,3,9.0,37.0,35.0,16,Phoenix Coyotes,PHX,79,64,10.0,0.5625,2.825894304549876,2.825894304549876
50,2011 NHL Regular Season,2,19.0,107.0,110.0,41,Phoenix Coyotes,PHX,151,148,21.0,0.4634146341463415,2.825894304549876,2.825894304549876
50,2012 NHL Regular Season,2,21.0,129.0,137.0,48,Phoenix Coyotes,PHX,209,208,37.0,0.4375,2.825894304549876,2.825894304549876
50,2013 NHL Regular Season,2,37.0,226.0,240.0,82,Phoenix Coyotes,PHX,339,349,68.0,0.45121951219512196,2.825894304549876,2.825894304549876
51,2010 NHL Regular Season,2,29.0,231.0,271.0,81,New York Islanders,NYI,449,430,78.0,0.35802469135802467,2.825894304549876,2.825894304549876
51,2011 NHL Regular Season,2,14.0,90.0,118.0,37,New York Islanders,NYI,145,157,30.0,0.3783783783783784,2.825894304549876,2.825894304549876
51,2012 NHL Playoff,3,2.0,17.0,25.0,6,New York Islanders,NYI,30,29,2.0,0.3333333333333333,2.825894304549876,2.825894304549876
51,2012 NHL Regular Season,2,24.0,143.0,142.0,48,New York Islanders,NYI,186,195,50.0,0.5,2.825894304549876,2.825894304549876
51,2013 NHL Regular Season,2,30.0,223.0,264.0,77,New York Islanders,NYI,341,356,53.0,0.38961038961038963,2.825894304549876,2.825894304549876
51,2014 NHL Playoff,3,3.0,15.0,16.0,7,New York Islanders,NYI,22,19,,0.42857142857142855,2.825894304549876,2.825894304549876
51,2014 NHL Regular Season,2,46.0,258.0,236.0,81,New York Islanders,NYI,281,326,58.0,0.5679012345679012,2.825894304549876,2.825894304549876
51,2015 NHL Playoff,3,5.0,26.0,32.0,11,New York Islanders,NYI,42,47,12.0,0.45454545454545453,2.825894304549876,2.825894304549876
51,2015 NHL Regular Season,2,41.5,224.0,215.0,79,New York Islanders,NYI,287,286,49.0,0.5253164556962026,2.825894304549876,2.825894304549876
51,2016 NHL Regular Season,2,40.5,235.0,238.0,79,New York Islanders,NYI,267,269,32.0,0.5126582278481012,2.825894304549876,2.825894304549876
51,2017 NHL Regular Season,2,34.5,261.0,293.0,81,New York Islanders,NYI,273,282,62.0,0.42592592592592593,2.825894304549876,2.825894304549876
52,2010 NHL Regular Season,2,33.5,221.0,260.0,81,Columbus Blue Jackets,CBJ,423,416,45.0,0.41358024691358025,2.825894304549876,2.825894304549876
52,2011 NHL Regular Season,2,10.0,94.0,128.0,37,Columbus Blue Jackets,CBJ,165,194,18.0,0.2702702702702703,2.825894304549876,2.825894304549876
52,2012 NHL Regular Season,2,23.0,124.0,122.0,48,Columbus Blue Jackets,CBJ,213,223,10.0,0.4791666666666667,2.825894304549876,2.825894304549876
52,2013 NHL Playoff,3,2.0,18.0,21.0,6,Columbus Blue Jackets,CBJ,32,28,7.0,0.3333333333333333,2.825894304549876,2.825894304549876
52,2013 NHL Regular Season,2,42.0,232.0,218.0,81,Columbus Blue Jackets,CBJ,360,353,47.0,0.5185185185185185,2.825894304549876,2.825894304549876
52,2014 NHL Regular Season,2,41.0,238.0,251.0,80,Columbus Blue Jackets,CBJ,380,329,59.0,0.5125,2.825894304549876,2.825894304549876
52,2015 NHL Regular Season,2,32.0,211.0,242.0,77,Columbus Blue Jackets,CBJ,356,319,48.0,0.4155844155844156,2.825894304549876,2.825894304549876
52,2016 NHL Playoff,3,1.0,13.0,21.0,5,Columbus Blue Jackets,CBJ,18,13,2.0,0.2,2.825894304549876,2.825894304549876
52,2016 NHL Regular Season,2,47.5,240.0,188.0,80,Columbus Blue Jackets,CBJ,287,284,59.0,0.59375,2.825894304549876,2.825894304549876
52,2017 NHL Playoff,3,2.0,18.0,24.0,6,Columbus Blue Jackets,CBJ,28,26,4.0,0.3333333333333333,2.825894304549876,2.825894304549876
52,2017 NHL Regular Season,2,44.0,242.0,232.0,81,Columbus Blue Jackets,CBJ,246,268,45.0,0.5432098765432098,2.825894304549876,2.825894304549876
53,2010 NHL Playoff,3,15.0,58.0,69.0,25,Vancouver Canucks,VAN,133,129,21.0,0.6,2.825894304549876,2.825894304549876
53,2010 NHL Regular Season,2,53.0,263.0,182.0,80,Vancouver Canucks,VAN,372,362,97.0,0.6625,2.825894304549876,2.825894304549876
53,2011 NHL Playoff,3,1.0,8.0,12.0,5,Vancouver Canucks,VAN,31,25,3.0,0.2,2.825894304549876,2.825894304549876
53,2011 NHL Regular Season,2,25.0,134.0,102.0,41,Vancouver Canucks,VAN,209,208,49.0,0.6097560975609756,2.825894304549876,2.825894304549876
53,2012 NHL Playoff,3,0.0,8.0,15.0,4,Vancouver Canucks,VAN,28,13,2.0,0.0,2.825894304549876,2.825894304549876
53,2012 NHL Regular Season,2,26.0,128.0,122.0,47,Vancouver Canucks,VAN,222,222,38.0,0.5531914893617021,2.825894304549876,2.825894304549876
53,2013 NHL Regular Season,2,34.0,191.0,216.0,78,Vancouver Canucks,VAN,362,332,57.0,0.4358974358974359,2.825894304549876,2.825894304549876
53,2014 NHL Playoff,3,2.0,14.0,18.0,6,Vancouver Canucks,VAN,29,27,3.0,0.3333333333333333,2.825894304549876,2.825894304549876
53,2014 NHL Regular Season,2,48.5,243.0,215.0,80,Vancouver Canucks,VAN,351,316,52.0,0.60625,2.825894304549876,2.825894304549876
53,2015 NHL Regular Season,2,31.0,191.0,238.0,80,Vancouver Canucks,VAN,316,304,38.0,0.3875,2.825894304549876,2.825894304549876
53,2016 NHL Regular Season,2,29.0,178.0,238.0,80,Vancouver Canucks,VAN,255,259,36.0,0.3625,2.825894304549876,2.825894304549876
53,2017 NHL Regular Season,2,30.0,219.0,268.0,81,Vancouver Canucks,VAN,299,272,63.0,0.37037037037037035,2.825894304549876,2.825894304549876
59,2017 NHL Playoff,3,13.0,57.0,47.0,20,Vegas Golden Knights,VGK,93,84,12.0,0.65,2.825894304549876,2.825894304549876
59,2017 NHL Regular Season,2,50.5,269.0,223.0,81,Vegas Golden Knights,VGK,257,273,64.0,0.6234567901234568,2.825894304549876,2.825894304549876
66,2010 NHL Regular Season,2,40.0,239.0,242.0,82,Carolina Hurricanes,CAR,338,427,79.0,0.4878048780487805,2.825894304549876,2.825894304549876
66,2011 NHL Regular Season,2,13.0,104.0,136.0,40,Carolina Hurricanes,CAR,167,205,33.0,0.325,2.825894304549876,2.825894304549876
66,2012 NHL Regular Season,2,18.0,122.0,155.0,46,Carolina Hurricanes,CAR,199,196,36.0,0.391304347826087,2.825894304549876,2.825894304549876
66,2013 NHL Regular Season,2,35.0,203.0,227.0,80,Carolina Hurricanes,CAR,286,323,51.0,0.4375,2.825894304549876,2.825894304549876
66,2014 NHL Regular Season,2,30.0,191.0,228.0,82,Carolina Hurricanes,CAR,239,289,55.0,0.36585365853658536,2.825894304549876,2.825894304549876
66,2015 NHL Regular Season,2,34.0,195.0,226.0,81,Carolina Hurricanes,CAR,247,281,48.0,0.41975308641975306,2.825894304549876,2.825894304549876
66,2016 NHL Regular Season,2,35.5,219.0,243.0,82,Carolina Hurricanes,CAR,224,258,57.0,0.4329268292682927,2.825894304549876,2.825894304549876
66,2017 NHL Regular Season,2,35.5,227.0,248.0,80,Carolina Hurricanes,CAR,218,255,51.0,0.44375,2.825894304549876,2.825894304549876
11366,2010 NHL Regular Season,2,34.0,223.0,263.0,79,Atlanta Thrashers,ATL,338,341,35.0,0.43037974683544306,2.825894304549876,2.825894304549876
